SET autocommit=0;
START TRANSACTION;

INSERT INTO `contest` (`ID`, `name`, `level`, `year`, `status`, `nbMinutes`, `folder`, `category`) VALUES
  (1, 'Castor 2011, niveau 6e/5e', 1, 2011, 2, 45, '2011_6_5_axafas', 'Castor 2011'),
  (2, 'Castor 2011, niveau 4e/3e', 2, 2011, 2, 45, '2011_4_3_bswxt', 'Castor 2011'),
  (3, 'Castor 2011, niveau 2de', 3, 2011, 2, 45, '2011_2_sptbkxr', 'Castor 2011'),
  (4, 'Castor 2011, niveau 1re/Tle', 4, 2011, 2, 45, '2011_1_0_psxtybcr', 'Castor 2011'),
  (6, 'Castor 2012, niveau 6e/5e', 1, 2012, 0, 45, '2012_6_5_faskfjb', 'Castor 2011'),
  (7, 'Castor 2012, niveau 4e/3e', 2, 2012, 0, 45, '2012_4_3_aftnasktj', 'Castor 2011'),
  (8, 'Castor 2012, niveau 2de', 3, 2012, 0, 45, '2012_2_saffstbb', 'Castor 2011'),
  (9, 'Castor 2012, niveau 1re/Tle', 4, 2012, 0, 45, '2012_1_0_asftan', 'Castor 2011'),
  (16, 'Entraînement 2012, niveau 6e/5e', 1, 102012, 2, 45, '2012_6_5_atrpstwk', 'Castor 2012'),
  (17, 'Entraînement 2012, niveau 4e/3e', 2, 102012, 2, 45, '2012_4_3_qwastask', 'Castor 2012'),
  (18, 'Entraînement 2012, niveau 2de', 3, 102012, 2, 45, '2012_2_sastak', 'Castor 2012'),
  (19, 'Entraînement 2012, niveau 1re/Tle', 4, 102012, 2, 45, '2012_1_0_srijair', 'Castor 2012'),
  (20, 'Entraînement 2012, tous les sujets', 0, 102012, 2, 60, '2012_all_saftrqthj', 'Castor 2012'),
  (21, 'Entraînement 2012, tous les sujets', 0, 102011, 2, 60, '2011_all_atskjaktb', 'Castor 2012');

INSERT INTO `contest_question` (`ID`, `contestID`, `questionID`, `minScore`, `maxScore`, `order`) VALUES
  (3, 1, 24, -2, 6, 0),
  (6, 1, 30, -3, 9, 1),
  (10, 1, 22, -2, 6, 0),
  (11, 1, 19, -3, 9, 1),
  (12, 1, 3, -2, 6, 0),
  (13, 1, 16, -3, 9, 1),
  (14, 1, 17, -3, 9, 1),
  (17, 1, 27, -2, 6, 0),
  (18, 1, 4, -4, 12, 2),
  (19, 1, 26, -2, 6, 0),
  (21, 10, 113, -1, 3, 1),
  (22, 1, 1, -3, 9, 1),
  (23, 1, 18, -2, 6, 0),
  (24, 1, 29, -4, 12, 2),
  (25, 1, 13, 0, 9, 1),
  (26, 1, 28, -4, 12, 2),
  (27, 2, 1, -2, 6, 0),
  (28, 2, 26, -2, 6, 0),
  (29, 2, 13, 0, 6, 0),
  (30, 2, 27, -2, 6, 0),
  (31, 2, 14, -3, 9, 1),
  (32, 2, 29, -3, 9, 1),
  (33, 2, 4, -3, 9, 1),
  (34, 2, 16, -3, 9, 1),
  (35, 2, 6, -3, 9, 1),
  (36, 2, 7, -3, 9, 1),
  (37, 2, 12, -3, 9, 1),
  (38, 2, 2, -4, 12, 2),
  (39, 2, 8, -4, 12, 2),
  (40, 2, 23, -4, 12, 2),
  (41, 3, 16, -2, 6, 0),
  (42, 3, 26, -2, 6, 0),
  (43, 3, 27, -2, 6, 0),
  (44, 3, 7, -2, 6, 0),
  (45, 3, 6, -3, 9, 1),
  (46, 3, 12, -3, 9, 1),
  (47, 3, 10, -3, 9, 1),
  (48, 3, 2, -3, 9, 1),
  (49, 3, 14, -3, 9, 1),
  (50, 3, 33, -3, 9, 1),
  (51, 3, 8, -3, 9, 1),
  (52, 3, 5, -4, 12, 2),
  (53, 3, 15, -4, 12, 2),
  (54, 3, 9, -4, 12, 2),
  (55, 4, 16, -2, 6, 0),
  (56, 4, 27, -2, 6, 0),
  (57, 4, 26, -2, 6, 0),
  (58, 4, 21, -2, 6, 0),
  (59, 4, 7, -2, 6, 0),
  (60, 4, 5, -3, 9, 1),
  (61, 4, 15, -3, 9, 1),
  (62, 4, 6, -3, 9, 1),
  (63, 4, 8, -3, 9, 1),
  (64, 4, 10, -3, 9, 1),
  (65, 4, 9, -3, 9, 1),
  (66, 4, 29, -3, 9, 1),
  (67, 4, 33, -4, 12, 2),
  (68, 2, 121, -2, 6, 0),
  (69, 3, 122, -2, 6, 0),
  (70, 4, 122, -2, 6, 0),
  (71, 1, 121, -2, 6, 0),
  (72, 3, 123, -3, 9, 1),
  (73, 4, 123, -3, 9, 1),
  (74, 1, 124, -4, 12, 2),
  (75, 4, 125, 0, 12, 2),
  (76, 2, 126, -4, 12, 2),
  (77, 3, 126, -4, 12, 2),
  (78, 4, 126, -4, 12, 2),
  (79, 1, 127, 0, 9, 1),
  (80, 2, 127, 0, 9, 1),
  (81, 3, 128, 0, 14, 2),
  (82, 4, 128, 0, 14, 2),
  (83, 6, 107, -3, 9, 4),
  (84, 10, 129, 0, 3, 2),
  (85, 10, 130, -1, 3, 3),
  (86, 10, 101, -1, 3, 4),
  (87, 10, 112, -1, 3, 5),
  (88, 10, 117, -1, 3, 6),
  (89, 10, 131, -1, 3, 7),
  (90, 10, 132, -1, 3, 8),
  (91, 10, 118, -1, 3, 10),
  (92, 10, 41, -4, 12, 32),
  (93, 10, 115, -1, 3, 14),
  (94, 10, 105, -1, 3, 11),
  (95, 10, 114, -1, 3, 12),
  (96, 10, 100, -1, 3, 13),
  (97, 10, 36, 0, 12, 15),
  (98, 10, 133, -1, 3, 16),
  (100, 10, 39, -1, 3, 18),
  (101, 10, 37, -1, 3, 19),
  (102, 10, 134, -1, 3, 20),
  (103, 10, 111, -1, 3, 21),
  (104, 10, 135, -1, 3, 22),
  (105, 10, 136, -1, 3, 23),
  (106, 10, 108, -1, 3, 24),
  (107, 10, 103, -1, 3, 25),
  (108, 10, 119, 0, 3, 26),
  (109, 10, 104, -1, 3, 27),
  (110, 10, 38, 0, 9, 28),
  (111, 10, 34, -1, 3, 29),
  (112, 10, 137, -1, 3, 30),
  (113, 10, 40, -1, 3, 31),
  (114, 10, 138, -1, 3, 33),
  (115, 10, 116, -4, 12, 34),
  (116, 10, 107, -1, 3, 9),
  (117, 10, 139, -1, 3, 17),
  (118, 6, 113, -3, 9, 4),
  (119, 6, 129, 0, 12, 6),
  (120, 6, 130, -2, 6, 2),
  (121, 6, 101, -1, 3, 1),
  (122, 6, 112, -1, 3, 1),
  (123, 6, 117, -3, 9, 4),
  (124, 6, 131, -1, 3, 1),
  (125, 6, 132, -1, 3, 1),
  (126, 6, 118, -3, 9, 4),
  (127, 6, 100, -2, 6, 2),
  (128, 6, 36, 0, 12, 8),
  (129, 6, 133, -1, 3, 1),
  (130, 6, 139, -3, 9, 4),
  (131, 6, 37, -2, 6, 3),
  (132, 6, 136, -2, 6, 2),
  (133, 7, 101, -1, 3, 1),
  (134, 7, 112, -1, 3, 1),
  (135, 7, 117, -3, 9, 5),
  (138, 7, 107, -2, 6, 4),
  (139, 7, 118, -2, 6, 4),
  (140, 7, 105, -3, 9, 5),
  (141, 7, 114, -4, 12, 7),
  (142, 7, 100, -1, 3, 1),
  (143, 7, 115, -1, 3, 1),
  (144, 7, 36, 0, 12, 9),
  (145, 7, 133, -1, 3, 1),
  (146, 7, 139, -2, 6, 3),
  (147, 7, 39, -3, 9, 5),
  (148, 7, 37, -1, 3, 2),
  (149, 7, 111, -3, 9, 5),
  (150, 7, 135, -4, 12, 8),
  (151, 7, 108, -2, 6, 4),
  (152, 8, 107, -2, 6, 3),
  (153, 8, 118, -1, 3, 1),
  (154, 8, 105, -2, 6, 3),
  (155, 8, 114, -4, 12, 8),
  (156, 8, 115, -1, 3, 1),
  (157, 8, 36, 0, 12, 10),
  (158, 8, 37, -1, 3, 2),
  (159, 8, 111, -3, 9, 4),
  (160, 8, 135, -4, 12, 9),
  (161, 8, 108, -2, 6, 3),
  (162, 8, 103, -3, 9, 5),
  (163, 8, 119, 0, 9, 5),
  (164, 8, 38, 0, 9, 6),
  (165, 8, 34, -3, 9, 4),
  (166, 8, 137, -1, 3, 1),
  (167, 8, 40, -2, 6, 3),
  (168, 8, 41, -4, 12, 7),
  (169, 9, 118, -1, 3, 1),
  (170, 9, 105, -2, 6, 2),
  (171, 9, 114, -4, 12, 7),
  (172, 9, 115, -1, 3, 1),
  (173, 9, 36, 0, 12, 10),
  (174, 9, 134, -2, 6, 2),
  (175, 9, 111, -3, 9, 3),
  (176, 9, 135, -4, 12, 8),
  (177, 9, 108, -1, 3, 1),
  (178, 9, 119, 0, 9, 4),
  (179, 9, 104, -4, 12, 9),
  (180, 9, 38, 0, 9, 5),
  (181, 9, 34, -3, 9, 3),
  (182, 9, 137, -1, 3, 1),
  (183, 9, 40, -2, 6, 2),
  (184, 9, 41, -3, 9, 6),
  (185, 9, 138, -2, 6, 2),
  (186, 9, 116, -4, 12, 11),
  (187, 6, 105, -4, 12, 5),
  (188, 6, 38, 0, 12, 7),
  (189, 7, 38, 0, 12, 6),
  (190, 16, 107, -3, 9, 4),
  (191, 16, 113, -3, 9, 4),
  (192, 16, 129, 0, 12, 6),
  (193, 16, 130, -2, 6, 2),
  (194, 16, 101, -1, 3, 1),
  (195, 16, 112, -1, 3, 1),
  (196, 16, 117, -3, 9, 4),
  (197, 16, 131, -1, 3, 1),
  (198, 16, 132, -1, 3, 1),
  (199, 16, 118, -3, 9, 4),
  (200, 16, 100, -2, 6, 2),
  (201, 16, 36, 0, 12, 8),
  (202, 16, 133, -1, 3, 1),
  (203, 16, 139, -3, 9, 4),
  (204, 16, 37, -2, 6, 3),
  (205, 16, 136, -2, 6, 2),
  (206, 16, 105, -4, 12, 5),
  (207, 16, 38, 0, 12, 7),
  (208, 17, 101, -1, 3, 1),
  (209, 17, 112, -1, 3, 1),
  (210, 17, 117, -3, 9, 5),
  (211, 17, 107, -2, 6, 4),
  (212, 17, 118, -2, 6, 4),
  (213, 17, 105, -3, 9, 5),
  (214, 17, 114, -4, 12, 7),
  (215, 17, 100, -1, 3, 1),
  (216, 17, 115, -1, 3, 1),
  (217, 17, 36, 0, 12, 9),
  (218, 17, 133, -1, 3, 1),
  (219, 17, 139, -2, 6, 3),
  (220, 17, 39, -3, 9, 5),
  (221, 17, 37, -1, 3, 2),
  (222, 17, 111, -3, 9, 5),
  (223, 17, 135, -4, 12, 8),
  (224, 17, 108, -2, 6, 4),
  (225, 17, 38, 0, 12, 6),
  (226, 18, 107, -2, 6, 3),
  (227, 18, 118, -1, 3, 1),
  (228, 18, 105, -2, 6, 3),
  (229, 18, 114, -4, 12, 8),
  (230, 18, 115, -1, 3, 1),
  (231, 18, 36, 0, 12, 10),
  (232, 18, 37, -1, 3, 2),
  (233, 18, 111, -3, 9, 4),
  (234, 18, 135, -4, 12, 9),
  (235, 18, 108, -2, 6, 3),
  (236, 18, 103, -3, 9, 5),
  (237, 18, 119, 0, 9, 5),
  (238, 18, 38, 0, 9, 6),
  (239, 18, 34, -3, 9, 4),
  (240, 18, 137, -1, 3, 1),
  (241, 18, 40, -2, 6, 3),
  (242, 18, 41, -4, 12, 7),
  (243, 19, 118, -1, 3, 1),
  (244, 19, 105, -2, 6, 2),
  (245, 19, 114, -4, 12, 7),
  (246, 19, 115, -1, 3, 1),
  (247, 19, 36, 0, 12, 10),
  (248, 19, 134, -2, 6, 2),
  (249, 19, 111, -3, 9, 3),
  (250, 19, 135, -4, 12, 8),
  (251, 19, 108, -1, 3, 1),
  (252, 19, 119, 0, 9, 4),
  (253, 19, 104, -4, 12, 9),
  (254, 19, 38, 0, 9, 5),
  (255, 19, 34, -3, 9, 3),
  (256, 19, 137, -1, 3, 1),
  (257, 19, 40, -2, 6, 2),
  (258, 19, 41, -3, 9, 6),
  (259, 19, 138, -2, 6, 2),
  (260, 19, 116, -4, 12, 11),
  (261, 20, 112, -1, 3, 1),
  (262, 20, 133, -1, 3, 1),
  (263, 20, 132, -1, 3, 1),
  (264, 20, 131, -1, 3, 1),
  (265, 20, 101, -1, 3, 1),
  (266, 20, 100, -1, 3, 2),
  (267, 20, 130, -1, 3, 2),
  (268, 20, 136, -1, 3, 2),
  (269, 20, 37, -1, 3, 2),
  (270, 20, 139, -2, 6, 4),
  (271, 20, 107, -2, 6, 4),
  (272, 20, 118, -2, 6, 4),
  (273, 20, 117, -2, 6, 4),
  (274, 20, 113, -2, 6, 4),
  (275, 20, 105, -3, 9, 5),
  (276, 20, 129, -2, 6, 3),
  (277, 20, 38, 0, 9, 5),
  (278, 20, 36, 0, 12, 8),
  (279, 20, 115, -2, 6, 3),
  (280, 20, 108, -3, 9, 5),
  (281, 20, 39, -3, 9, 5),
  (282, 20, 111, -4, 12, 6),
  (283, 20, 114, -4, 12, 6),
  (284, 20, 135, -4, 12, 6),
  (285, 20, 137, -2, 6, 3),
  (286, 20, 40, -3, 9, 5),
  (287, 20, 34, -2, 6, 3),
  (288, 20, 103, -4, 12, 6),
  (289, 20, 119, 0, 6, 3),
  (290, 20, 41, -3, 9, 5),
  (291, 20, 134, -3, 9, 5),
  (292, 20, 138, -4, 12, 6),
  (293, 20, 104, -4, 12, 6),
  (294, 20, 116, -4, 12, 7),
  (295, 21, 24, -1, 3, 1),
  (296, 21, 121, -1, 3, 1),
  (297, 21, 18, -1, 3, 1),
  (298, 21, 26, -1, 3, 1),
  (299, 21, 27, -2, 6, 2),
  (300, 21, 22, -1, 3, 1),
  (301, 21, 3, -1, 3, 1),
  (302, 21, 30, -1, 3, 1),
  (303, 21, 13, 0, 9, 3),
  (304, 21, 16, -2, 6, 2),
  (305, 21, 1, -1, 3, 1),
  (306, 21, 19, -1, 3, 1),
  (307, 21, 17, -1, 3, 1),
  (308, 21, 127, 0, 6, 2),
  (309, 21, 29, -4, 12, 6),
  (310, 21, 4, -2, 6, 2),
  (311, 21, 28, -2, 6, 2),
  (312, 21, 124, -2, 6, 2),
  (313, 21, 12, -3, 9, 4),
  (314, 21, 7, -3, 9, 5),
  (315, 21, 6, -4, 12, 6),
  (316, 21, 14, -2, 6, 2),
  (317, 21, 2, -2, 6, 2),
  (318, 21, 8, -3, 9, 5),
  (319, 21, 23, -3, 9, 4),
  (320, 21, 126, -4, 12, 6),
  (321, 21, 123, -3, 9, 3),
  (322, 21, 33, -4, 12, 6),
  (323, 21, 10, -4, 12, 6),
  (324, 21, 5, -4, 12, 6),
  (325, 21, 15, -3, 9, 3),
  (326, 21, 9, -4, 12, 6),
  (327, 21, 128, 0, 12, 6),
  (328, 21, 21, -2, 6, 2),
  (329, 21, 122, -3, 9, 4),
  (330, 21, 125, 0, 12, 6);

INSERT INTO `group` (`ID`, `schoolID`, `grade`, `gradeDetail`, `userID`, `name`, `nbStudents`, `nbTeamsEffective`, `nbStudentsEffective`, `contestID`, `code`, `password`, `expectedStartTime`, `startTime`, `noticePrinted`, `isPublic`, `participationType`) VALUES
  (3, 32, 0, '', 0, 'Castor 2011, niveau 6ème/5ème', 0, 21518, 25826, 1, '2tyzepcv', 'sjqr6f4m', '0000-00-00 00:00:00', '2012-09-09 00:26:05', 0, 1, 'Official'),
  (9, 0, 0, '', 4, 'Castor 2011, niveau 4ème/3ème', 0, 10259, 12969, 2, '5ayk8q4n', 'cazez8wq', '0000-00-00 00:00:00', '2012-09-09 21:22:05', 0, 1, 'Official'),
  (10, 0, 0, '', 4, 'Castor 2011, niveau 2nde', 0, 2805, 3500, 3, 'dayeh4d9', 'kigdv7ky', '0000-00-00 00:00:00', '2012-09-09 21:22:37', 0, 1, 'Official'),
  (11, 0, 0, '', 4, 'Castor 2011, niveau 1ère/terminale', 0, 3144, 3781, 4, 'jbnxqzwy', 'kmbbrd3a', '0000-00-00 00:00:00', '2012-09-09 21:23:07', 0, 1, 'Official'),
  (12, 0, 0, '0', 0, 'Castor 2011, toutes les questions', 0, 8, 9, 21, 'fsaunlfaj', 'vxmzunp', NULL, '2012-12-08 21:44:01', 0, 1, 'Unofficial'),
  (8477, 0, 0, '', 0, 'Castor 2012, niveau 6ème/5ème', 0, 1203, 1434, 16, 'ascsataw', '', NULL, '2012-11-26 00:54:06', 0, 1, NULL),
  (8478, 0, 0, '0', 0, 'Castor 2012, niveau 4ème/3ème', 0, 860, 1005, 17, 'afrsotan', 'atsaoio', NULL, '2012-11-26 05:55:06', 0, 1, NULL),
  (8479, 0, 0, '0', 0, 'Castor 2012, niveau 2nde', 0, 313, 363, 18, 'atastosai', 'jhfauhljl', NULL, '2012-11-26 07:14:01', 0, 1, NULL),
  (8480, 0, 0, '0', 0, 'Castor 2012, niveau 1ère/terminale', 0, 365, 414, 19, 'oasfiojji', 'rwrijji;', NULL, '2012-11-26 00:56:27', 0, 1, NULL),
  (8487, 0, 0, '0', 0, 'Castor 2012, toutes les questions', 0, 43, 44, 20, 'arzfatisx', 'aptscmnu', NULL, '2012-12-08 21:05:16', 0, 1, 'Unofficial');

INSERT INTO `question` (`ID`, `key`, `folder`, `name`, `answerType`, `expectedAnswer`) VALUES
  (1, '2011-AT-12', '2011', 'Couleur des chaussures', 0, '4'),
  (2, '2011-CH-03', '2011', 'Planter des poteaux', 0, '1'),
  (3, '2011-AT-08', '2011', 'Sauts de grenouille', 0, '2'),
  (4, '2011-AT-11', '2011', 'Transport fluvial', 1, '010001001001'),
  (5, '2011-AT-14', '2011', 'Mot de passe', 0, '4'),
  (6, '2011-CH-05', '2011', 'Le langage aibi', 0, '3'),
  (7, '2011-CH-10', '2011', 'La pièce manquante', 0, '2'),
  (8, '2011-CZ-02', '2011', 'Plié et découpé', 0, '3'),
  (9, '2011-DE-01', '2011', 'Une vie de plante', 0, '1'),
  (10, '2011-DE-02', '2011', 'CuSphère et QuatreCyl', 0, '1'),
  (11, '2011-DE-03', '2011', 'Cache cache', 1, '7'),
  (12, '2011-DE-19', '2011', 'Boîtes de billes', 0, '3'),
  (13, '2011-CH-02', '2011', 'Mosaïque', 1, '0100010111101101'),
  (14, '2011-DE-20', '2011', 'Lancers de dé', 0, '4'),
  (15, '2011-FI-04', '2011', 'Trésor caché', 1, '7'),
  (16, '2011-FR-01', '2011', 'Fenêtre d''impression', 0, '3'),
  (17, '2011-FR-03', '2011', 'Le prénom du héron', 0, '2'),
  (18, '2011-FR-05', '2011', 'Castor bûcheron', 1, 'B'),
  (19, '2011-IL-01', '2011', 'Balance', 0, '1'),
  (20, '2011-IL-04', '2011', 'Rangée de billes rouges et bleues', 0, '3'),
  (21, '2011-IT-09', '2011', 'Retour à la maison', 0, '2'),
  (22, '2011-IT-14', '2011', 'Canettes et bouteilles', 0, '3'),
  (23, '2011-JP-06', '2011', 'Prévenir les élèves', 0, '2'),
  (24, '2011-LT-01', '2011', 'Capteur RVB', 0, '4'),
  (25, '2011-LT-12', '2011', 'Graphe d''un dé', 0, '4'),
  (26, '2011-LT-14', '2011', 'Voyage en Lituanie', 0, '4'),
  (27, '2011-NL-08', '2011', 'Alphabet noir et blanc', 1, 'H'),
  (28, '2011-NL-12', '2011', 'Mauvais chapeau', 0, '4'),
  (29, '2011-SK-02', '2011', 'Piles d''assiettes', 0, '1'),
  (30, '2011-SK-06', '2011', 'Robot tortue', 0, '1'),
  (33, '2011-JP-01', '2011', 'Transport ferroviaire', 1, '12'),
  (34, '2012-FR-06', '2012', 'Trombone rouge', 1, 'i2i7i10i14'),
  (36, '2012-FR-08', '2012', 'Dessine un castor', 1, '1101010110100001010111110111111000000110010110011'),
  (37, '2012-AT-04', '2012', 'Image pixellisée', 1, '111111000011110001110111100000011101110001110111111111000011'),
  (38, '2012-FR-01', '2012', 'Course de grenouilles', 2, ''),
  (39, '2012-HU-01a', '2012', 'Puzzle rotatif', 1, '0,1'),
  (40, '2012-SK-10', '2012', 'Convocations', 1, 'BCDA'),
  (41, '2012-FR-07', '2012', 'Territoire de Castor', 2, ''),
  (100, '2012-AT-01', '2012', 'Paysage', 0, '2'),
  (101, '2012-AT-10', '2012', 'Vélos branchés', 0, '2'),
  (102, '2012-AT-12', '2012', 'Robot bâtisseur', 0, '3'),
  (103, '2012-CA-01', '2012', 'Changer les flèches', 0, '4'),
  (104, '2012-CH-09', '2012', 'La scierie', 1, '7'),
  (105, '2012-CZ-04', '2012', 'Bébrocarina', 0, '4'),
  (107, '2012-DE-07', '2012', 'Sélection de robots', 1, '5'),
  (108, '2012-DE-10', '2012', 'Groupe de travail', 0, '4'),
  (109, '2012-FI-03', '2012', 'Code Castor', 0, '3'),
  (111, '2012-FR-09', '2012', 'Découpe', 0, '4'),
  (112, '2012-FR-10', '2012', 'La chute', 0, '4'),
  (113, '2012-IT-04', '2012', 'Navigation', 0, '4'),
  (114, '2012-IT-13', '2012', '¼ufs de pâques', 1, '0101'),
  (115, '2012-RU-03', '2012', 'Affichage digital', 0, '3'),
  (116, '2012-RU-05', '2012', 'Tas de pierres', 0, '4'),
  (117, '2012-SI-06', '2012', 'La boîte magique', 0, '2'),
  (118, '2012-SK-02', '2012', 'Machine à textes', 0, '3'),
  (119, '2012-UA-07', '2012', 'Verres', 1, '3'),
  (121, '2011-SK-08', '2011', 'Les amis de Lucie', 1, '010110011110'),
  (122, '2011-SK-11', '2011', 'Les photos de Lucie', 1, '10100000001'),
  (123, '2011-NL-11', '2011', 'Castor facteur', 0, '3'),
  (124, '2011-UA-07', '2011', 'Championnat d''échecs', 0, '3'),
  (125, '2011-CH-01', '2011', 'Mosaïque cassée', 1, '01101100'),
  (126, '2011-IL-11', '2011', 'Atteindre 51', 1, '9'),
  (127, '2011-FR-06', '2011', 'Exploration souterraine', 2, ''),
  (128, '2011-FR-07', '2011', 'Ranger sa chambre', 2, ''),
  (129, '2012-CZ-12', '2012', 'Labyrinthe', 1, '0312210010'),
  (130, '2012-JP-05', '2012', 'Cryptage', 1, 'OTSACR'),
  (131, '2012-SK-03', '2012', 'Animation', 0, '4'),
  (132, '2012-ES-04', '2012', 'Tuyauterie', 1, '00011'),
  (133, '2012-FR-02b', '2012', 'Ranger ses photos', 0, '3'),
  (134, '2012-AT-20', '2012', 'Trier des bâtons', 0, '2'),
  (135, '2012-FR-04', '2012', 'Anonymisation', 0, '7'),
  (136, '2012-FR-04b', '2012', 'Chez le dentiste', 1, '3'),
  (137, '2012-HU-06', '2012', 'Généalogie', 0, '1'),
  (138, '2012-LV-02', '2012', 'Transport de troncs', 0, '2'),
  (139, '2012-DE-05', '2012', 'Plantons des fleurs', 0, '1');

INSERT INTO `grade` (`ID`, `name`) VALUES
(-4, 'Autre'),
(-1, 'Professeur'),
(4, 'CM1'),
(5, 'CM2'),
(6, '6 e.'),
(7, '5 e.'),
(8, '4 e.'),
(9, '3 e.'),
(10, 'seconde'),
(11, 'première'),
(12, 'terminale'),
(13, 'seconde pro.'),
(14, 'première pro.'),
(15, 'terminale pro.');

COMMIT;