SET autocommit=0;
START TRANSACTION;

INSERT INTO `contest` (`ID`, `name`, `level`, `year`, `category`, `status`, `visibility`, `closedToOfficialGroups`, `printCertificates`, `printCodes`, `startDate`, `endDate`, `certificateStringsName`, `showResults`, `askEmail`, `askZip`, `askGenre`, `askGrade`, `askStudentId`, `nbMinutes`, `bonusScore`, `allowTeamsOfTwo`, `rankGrades`, `rankNbContestants`, `fullFeedback`, `nextQuestionAuto`, `nbUnlockedTasksInitial`, `subsetsSize`, `newInterface`, `customIntro`, `folder`, `minAward1Rank`, `minAward2Rank`, `iVersion`, `open`, `showSolutions`) VALUES
(1, 'Entraînement 2011, niveau 6ème/5ème', 1, 2011, 'Castor 2011', 'PastContest', 'Visible', 1, 0, 0, NULL, NULL, NULL, 0, 0, 0, 1, 1, 0, 45, 50, 1, 0, 0, 0, 1, 4, 0, 0, NULL, '2011_6_5_axafas', NULL, NULL, 33, 'Open', 0),
(2, 'Entraînement 2011, niveau 4ème/3ème', 2, 2011, 'Castor 2011', 'PastContest', 'Visible', 1, 0, 0, NULL, NULL, NULL, 0, 0, 0, 1, 1, 0, 45, 50, 1, 0, 0, 0, 1, 4, 0, 0, NULL, '2011_4_3_bswxt', NULL, NULL, 33, 'Open', 0),
(3, 'Entraînement 2011, niveau 2nde', 3, 2011, 'Castor 2011', 'PastContest', 'Visible', 1, 0, 0, NULL, NULL, NULL, 0, 0, 0, 1, 1, 0, 45, 50, 1, 0, 0, 0, 1, 4, 0, 0, NULL, '2011_2_sptbkxr', NULL, NULL, 33, 'Open', 0),
(4, 'Entraînement 2011, niveau 1ère/terminale', 4, 2011, 'Castor 2011', 'PastContest', 'Visible', 1, 0, 0, NULL, NULL, NULL, 0, 0, 0, 1, 1, 0, 45, 50, 1, 0, 0, 0, 1, 4, 0, 0, NULL, '2011_1_0_psxtybcr', NULL, NULL, 33, 'Open', 0),
(6, 'Entraînement 2012, niveau 6ème/5ème', 1, 2012, 'Castor 2012', 'PastContest', 'Visible', 1, 0, 0, NULL, NULL, NULL, 0, 0, 0, 1, 1, 0, 45, 50, 1, 0, 0, 0, 1, 4, 0, 0, NULL, '2012_6_5_faskfjb', NULL, NULL, 33, 'Open', 0),
(7, 'Entraînement 2012, niveau 4ème/3ème', 2, 2012, 'Castor 2012', 'PastContest', 'Visible', 1, 0, 0, NULL, NULL, NULL, 0, 0, 0, 1, 1, 0, 45, 50, 1, 0, 0, 0, 1, 4, 0, 0, NULL, '2012_4_3_aftnasktj', NULL, NULL, 33, 'Open', 0),
(8, 'Entraînement 2012, niveau 2nde', 3, 2012, 'Castor 2012', 'PastContest', 'Visible', 1, 0, 0, NULL, NULL, NULL, 0, 0, 0, 1, 1, 0, 45, 50, 1, 0, 0, 0, 1, 4, 0, 0, NULL, '2012_2_saffstbb', NULL, NULL, 33, 'Open', 0),
(9, 'Entraînement 2012, niveau 1ère/terminale', 4, 2012, 'Castor 2012', 'PastContest', 'Visible', 1, 0, 0, NULL, NULL, NULL, 0, 0, 0, 1, 1, 0, 45, 50, 1, 0, 0, 0, 1, 4, 0, 0, NULL, '2012_1_0_asftan', NULL, NULL, 33, 'Open', 0),
(20, 'Entraînement 2012, tous les sujets', 0, 2012, 'Castor 2012', 'PastContest', 'Visible', 1, 0, 0, NULL, NULL, NULL, 0, 0, 0, 1, 1, 0, 60, 50, 1, 0, 0, 0, 1, 4, 0, 0, NULL, '2012_all_saftrqthj', NULL, NULL, 33, 'Open', 0),
(21, 'Entraînement 2011, tous les sujets', 0, 2011, 'Castor 2011', 'PastContest', 'Visible', 1, 0, 0, NULL, NULL, NULL, 0, 0, 0, 1, 1, 0, 60, 50, 1, 0, 0, 0, 1, 4, 0, 0, NULL, '2011_all_atskjaktb', NULL, NULL, 33, 'Open', 0),
(22, 'Entraînement 2010, tous les sujets', 0, 2010, 'Castor 2010', 'PastContest', 'Visible', 1, 0, 0, NULL, NULL, NULL, 0, 0, 0, 1, 1, 0, 60, 50, 1, 0, 0, 0, 1, 4, 0, 0, NULL, '2010_all_astanjilk', NULL, NULL, 33, 'Open', 0),
(23, 'Entraînement 2010, niveau 6ème/5ème', 1, 2010, 'Castor 2010', 'PastContest', 'Visible', 1, 0, 0, NULL, NULL, NULL, 0, 0, 0, 1, 1, 0, 45, 50, 1, 0, 0, 0, 1, 4, 0, 0, NULL, '2010_6_5_stqnisak', NULL, NULL, 33, 'Open', 0),
(24, 'Entraînement 2010, niveau 4ème/3ème', 2, 2010, 'Castor 2010', 'PastContest', 'Visible', 1, 0, 0, NULL, NULL, NULL, 0, 0, 0, 1, 1, 0, 45, 50, 1, 0, 0, 0, 1, 4, 0, 0, NULL, '2010_4_3_sapfnu', NULL, NULL, 33, 'Open', 0),
(25, 'Entraînement 2010, niveau 2nde', 3, 2010, 'Castor 2010', 'PastContest', 'Visible', 1, 0, 0, '0000-00-00 00:00:00', '0000-00-00 00:00:00', NULL, 0, 0, 0, 1, 1, 0, 46, 50, 1, 0, 0, 0, 1, 4, 0, 0, '', '2010_2_sfjiajun', NULL, NULL, 206, 'Open', 0),
(26, 'Entraînement 2010, niveau 1ère/terminale', 4, 2010, 'Castor 2010', 'PastContest', 'Visible', 1, 0, 0, '0000-00-00 00:00:00', '0000-00-00 00:00:00', NULL, 0, 0, 0, 1, 1, 0, 45, 50, 1, 0, 0, 0, 1, 4, 0, 0, '', '2010_1_0_afkfinuj', NULL, NULL, 208, 'Open', 0),
(27, 'Entraînement 2013, niveau 6ème/5ème', 1, 2013, 'Castor 2013', 'PastContest', 'Visible', 1, 0, 0, NULL, NULL, NULL, 0, 0, 0, 1, 1, 0, 45, 50, 1, 0, 0, 0, 1, 4, 0, 0, NULL, '2013_6_5_safasc', NULL, NULL, 33, 'Open', 0),
(28, 'Entraînement 2013, niveau seconde', 3, 2013, 'Castor 2013', 'PastContest', 'Visible', 1, 0, 0, NULL, NULL, NULL, 0, 0, 0, 1, 1, 0, 45, 50, 1, 0, 0, 0, 1, 4, 0, 0, NULL, '2013_2_askdnr', NULL, NULL, 33, 'Open', 0),
(29, 'Entraînement 2013, niveau 1ère/terminale', 4, 2013, 'Castor 2013', 'PastContest', 'Visible', 1, 0, 0, NULL, NULL, NULL, 0, 0, 0, 1, 1, 0, 45, 50, 1, 0, 0, 0, 1, 4, 0, 0, NULL, '2013_1_0_arokasp.1480451016', NULL, NULL, 290, 'Open', 0),
(30, 'Entraînement 2013, niveau 4ème/3ème', 2, 2013, 'Castor 2013', 'PastContest', 'Visible', 1, 0, 0, NULL, NULL, NULL, 0, 0, 0, 1, 1, 0, 45, 50, 1, 0, 0, 0, 1, 4, 0, 0, NULL, '2013_4_3_wqpeds', NULL, NULL, 33, 'Open', 0),
(31, 'Entraînement 2013, tous les sujets', 0, 2013, 'Castor 2013', 'PastContest', 'Visible', 1, 0, 0, NULL, NULL, NULL, 0, 0, 0, 1, 1, 0, 60, 50, 1, 0, 0, 0, 1, 4, 0, 0, NULL, '2013_all_aopronf.1480451025', NULL, NULL, 290, 'Open', 0),
(32, 'Entraînement 2014, niveau 6ème/5ème', 1, 2014, 'Castor 2014', 'PastContest', 'Visible', 1, 0, 0, NULL, NULL, NULL, 0, 0, 0, 1, 1, 0, 45, 0, 1, 0, 0, 1, 1, 4, 0, 0, NULL, '2014_6_5_asknnc.1478452121', 10732, 571, 271, 'Open', 0),
(33, 'Entraînement 2014, niveau 4ème/3ème', 2, 2014, 'Castor 2014', 'PastContest', 'Visible', 1, 0, 0, NULL, NULL, NULL, 0, 0, 0, 1, 1, 0, 45, 0, 1, 0, 0, 1, 1, 4, 0, 0, NULL, '2014_4_3_rqrokp', 8141, 369, 33, 'Open', 0),
(34, 'Entraînement 2014, niveau 2nde', 3, 2014, 'Castor 2014', 'PastContest', 'Visible', 1, 0, 0, NULL, NULL, NULL, 0, 0, 0, 1, 1, 0, 45, 0, 1, 0, 0, 1, 1, 4, 0, 0, NULL, '2014_2_dpsdskj', 2088, 114, 33, 'Open', 0),
(35, 'Entraînement 2014, niveau 1ère/terminale', 4, 2014, 'Castor 2014', 'PastContest', 'Visible', 1, 0, 0, NULL, NULL, NULL, 0, 0, 0, 1, 1, 0, 45, 0, 1, 0, 0, 1, 1, 4, 0, 0, NULL, '2014_1_0_dokssax', 1801, 66, 33, 'Open', 0),
(36, 'Entraînement 2014, niveau 2nde pro', 5, 2014, 'Castor 2014', 'PastContest', 'Visible', 1, 0, 0, NULL, NULL, NULL, 0, 0, 0, 1, 1, 0, 45, 0, 1, 0, 0, 1, 1, 4, 0, 0, NULL, '2014_2_pro_wirjsnkc', 36, 1, 33, 'Open', 0),
(37, 'Entraînement 2014, niveau 1ère/terminale pro', 6, 2014, 'Castor 2014', 'PastContest', 'Visible', 1, 0, 0, NULL, NULL, NULL, 0, 0, 0, 1, 1, 0, 45, 0, 1, 0, 0, 1, 1, 4, 0, 0, NULL, '2014_1_0_pro_oakdsakj', 37, 2, 33, 'Open', 0),
(51, 'Entraînement Algoréa 2015, premier tour', 0, 2015, 'Algoréa 2015 premier tour', 'PastContest', 'Visible', 1, 0, 0, NULL, NULL, NULL, 0, 0, 0, 1, 1, 0, 45, 0, 0, 1, 0, 1, 1, 4, 0, 1, NULL, '2015_algorea_1_sakjlkjk', 0, 0, 33, 'Open', 0),
(53, 'Entraînement adapté aux CM1/CM2', 0, 2014, 'Castor 2014', 'PastContest', 'Visible', 1, 0, 0, NULL, NULL, NULL, 0, 0, 0, 1, 1, 0, 45, 0, 1, 0, 0, 1, 1, 4, 0, 0, NULL, '2014_expe_primaire_a', 0, 0, 33, 'Open', 0),
(54, 'Concours Castor 2015, tous niveaux', 0, 2015, 'Castor 2015', 'PreRanking', 'Visible', 1, 1, 0, '1890-11-29 23:00:00', '1899-11-29 23:00:00', NULL, 0, 0, 0, 1, 1, 0, 45, 0, 1, 1, 1, 1, 1, 4, 0, 1, '', '2015_castor_askjksajx', 0, 0, 214, 'Open', 0),
(56, 'Entraînement 2015, tous niveaux', 0, 2015, 'Castor 2015', 'PastContest', 'Visible', 1, 0, 0, NULL, NULL, NULL, 0, 0, 0, 1, 1, 0, 45, 0, 1, 1, 1, 1, 1, 4, 0, 1, NULL, '2015_castor_ajakjtxnasj', 0, 0, 33, 'Open', 0);

--
-- Dumping data for table `contest_question`
--

INSERT INTO `contest_question` (`ID`, `contestID`, `questionID`, `minScore`, `noAnswerScore`, `maxScore`, `options`, `order`, `iVersion`) VALUES
(3, 1, 24, -2, 0, 6, '{}', 0, 33),
(6, 1, 30, -3, 0, 9, '{}', 1, 33),
(10, 1, 22, -2, 0, 6, '{}', 0, 33),
(11, 1, 19, -3, 0, 9, '{}', 1, 33),
(12, 1, 3, -2, 0, 6, '{}', 0, 33),
(13, 1, 16, -3, 0, 9, '{}', 1, 33),
(14, 1, 17, -3, 0, 9, '{}', 1, 33),
(17, 1, 27, -2, 0, 6, '{}', 0, 33),
(18, 1, 4, -4, 0, 12, '{}', 2, 33),
(19, 1, 26, -2, 0, 6, '{}', 0, 33),
(21, 10, 113, -1, 0, 3, '{}', 1, 33),
(22, 1, 1, -3, 0, 9, '{}', 1, 33),
(23, 1, 18, -2, 0, 6, '{}', 0, 33),
(24, 1, 29, -4, 0, 12, '{}', 2, 33),
(25, 1, 13, 0, 0, 9, '{}', 1, 33),
(26, 1, 28, -4, 0, 12, '{}', 2, 33),
(27, 2, 1, -2, 0, 6, '{}', 0, 33),
(28, 2, 26, -2, 0, 6, '{}', 0, 33),
(29, 2, 13, 0, 0, 6, '{}', 0, 33),
(30, 2, 27, -2, 0, 6, '{}', 0, 33),
(31, 2, 14, -3, 0, 9, '{}', 1, 33),
(32, 2, 29, -3, 0, 9, '{}', 1, 33),
(33, 2, 4, -3, 0, 9, '{}', 1, 33),
(34, 2, 16, -3, 0, 9, '{}', 1, 33),
(35, 2, 6, -3, 0, 9, '{}', 1, 33),
(36, 2, 7, -3, 0, 9, '{}', 1, 33),
(37, 2, 12, -3, 0, 9, '{}', 1, 33),
(38, 2, 2, -4, 0, 12, '{}', 2, 33),
(39, 2, 8, -4, 0, 12, '{}', 2, 33),
(40, 2, 23, -4, 0, 12, '{}', 2, 33),
(41, 3, 16, -2, 0, 6, '{}', 0, 33),
(42, 3, 26, -2, 0, 6, '{}', 0, 33),
(43, 3, 27, -2, 0, 6, '{}', 0, 33),
(44, 3, 7, -2, 0, 6, '{}', 0, 33),
(45, 3, 6, -3, 0, 9, '{}', 1, 33),
(46, 3, 12, -3, 0, 9, '{}', 1, 33),
(47, 3, 10, -3, 0, 9, '{}', 1, 33),
(48, 3, 2, -3, 0, 9, '{}', 1, 33),
(49, 3, 14, -3, 0, 9, '{}', 1, 33),
(50, 3, 33, -3, 0, 9, '{}', 1, 33),
(51, 3, 8, -3, 0, 9, '{}', 1, 33),
(52, 3, 5, -4, 0, 12, '{}', 2, 33),
(53, 3, 15, -4, 0, 12, '{}', 2, 33),
(54, 3, 9, -4, 0, 12, '{}', 2, 33),
(55, 4, 16, -2, 0, 6, '{}', 0, 33),
(56, 4, 27, -2, 0, 6, '{}', 0, 33),
(57, 4, 26, -2, 0, 6, '{}', 0, 33),
(58, 4, 21, -2, 0, 6, '{}', 0, 33),
(59, 4, 7, -2, 0, 6, '{}', 0, 33),
(60, 4, 5, -3, 0, 9, '{}', 1, 33),
(61, 4, 15, -3, 0, 9, '{}', 1, 33),
(62, 4, 6, -3, 0, 9, '{}', 1, 33),
(63, 4, 8, -3, 0, 9, '{}', 1, 33),
(64, 4, 10, -3, 0, 9, '{}', 1, 33),
(65, 4, 9, -3, 0, 9, '{}', 1, 33),
(66, 4, 29, -3, 0, 9, '{}', 1, 33),
(67, 4, 33, -4, 0, 12, '{}', 2, 33),
(68, 2, 121, -2, 0, 6, '{}', 0, 33),
(69, 3, 122, -2, 0, 6, '{}', 0, 33),
(70, 4, 122, -2, 0, 6, '{}', 0, 33),
(71, 1, 121, -2, 0, 6, '{}', 0, 33),
(72, 3, 123, -3, 0, 9, '{}', 1, 33),
(73, 4, 123, -3, 0, 9, '{}', 1, 33),
(74, 1, 124, -4, 0, 12, '{}', 2, 33),
(75, 4, 125, 0, 0, 12, '{}', 2, 33),
(76, 2, 126, -4, 0, 12, '{}', 2, 33),
(77, 3, 126, -4, 0, 12, '{}', 2, 33),
(78, 4, 126, -4, 0, 12, '{}', 2, 33),
(79, 1, 127, 0, 0, 9, '{}', 1, 33),
(80, 2, 127, 0, 0, 9, '{}', 1, 33),
(81, 3, 128, 0, 0, 14, '{}', 2, 33),
(82, 4, 128, 0, 0, 14, '{}', 2, 33),
(83, 6, 107, -3, 0, 9, '{}', 4, 33),
(84, 10, 129, 0, 0, 3, '{}', 2, 33),
(85, 10, 130, -1, 0, 3, '{}', 3, 33),
(86, 10, 101, -1, 0, 3, '{}', 4, 33),
(87, 10, 112, -1, 0, 3, '{}', 5, 33),
(88, 10, 117, -1, 0, 3, '{}', 6, 33),
(89, 10, 131, -1, 0, 3, '{}', 7, 33),
(90, 10, 132, -1, 0, 3, '{}', 8, 33),
(91, 10, 118, -1, 0, 3, '{}', 10, 33),
(92, 10, 41, -4, 0, 12, '{}', 32, 33),
(93, 10, 115, -1, 0, 3, '{}', 14, 33),
(94, 10, 105, -1, 0, 3, '{}', 11, 33),
(95, 10, 114, -1, 0, 3, '{}', 12, 33),
(96, 10, 100, -1, 0, 3, '{}', 13, 33),
(97, 10, 36, 0, 0, 12, '{}', 15, 33),
(98, 10, 133, -1, 0, 3, '{}', 16, 33),
(100, 10, 39, -1, 0, 3, '{}', 18, 33),
(101, 10, 37, -1, 0, 3, '{}', 19, 33),
(102, 10, 134, -1, 0, 3, '{}', 20, 33),
(103, 10, 111, -1, 0, 3, '{}', 21, 33),
(104, 10, 135, -1, 0, 3, '{}', 22, 33),
(105, 10, 136, -1, 0, 3, '{}', 23, 33),
(106, 10, 108, -1, 0, 3, '{}', 24, 33),
(107, 10, 103, -1, 0, 3, '{}', 25, 33),
(108, 10, 119, 0, 0, 3, '{}', 26, 33),
(109, 10, 104, -1, 0, 3, '{}', 27, 33),
(110, 10, 38, 0, 0, 9, '{}', 28, 33),
(111, 10, 34, -1, 0, 3, '{}', 29, 33),
(112, 10, 137, -1, 0, 3, '{}', 30, 33),
(113, 10, 40, -1, 0, 3, '{}', 31, 33),
(114, 10, 138, -1, 0, 3, '{}', 33, 33),
(115, 10, 116, -4, 0, 12, '{}', 34, 33),
(116, 10, 107, -1, 0, 3, '{}', 9, 33),
(117, 10, 139, -1, 0, 3, '{}', 17, 33),
(118, 6, 113, -3, 0, 9, '{}', 4, 33),
(119, 6, 129, 0, 0, 12, '{}', 6, 33),
(120, 6, 130, -2, 0, 6, '{}', 2, 33),
(121, 6, 101, -1, 0, 3, '{}', 1, 33),
(122, 6, 112, -1, 0, 3, '{}', 1, 33),
(123, 6, 117, -3, 0, 9, '{}', 4, 33),
(124, 6, 131, -1, 0, 3, '{}', 1, 33),
(125, 6, 132, -1, 0, 3, '{}', 1, 33),
(126, 6, 118, -3, 0, 9, '{}', 4, 33),
(127, 6, 100, -2, 0, 6, '{}', 2, 33),
(128, 6, 36, 0, 0, 12, '{}', 8, 33),
(129, 6, 133, -1, 0, 3, '{}', 1, 33),
(130, 6, 139, -3, 0, 9, '{}', 4, 33),
(131, 6, 37, -2, 0, 6, '{}', 3, 33),
(132, 6, 136, -2, 0, 6, '{}', 2, 33),
(133, 7, 101, -1, 0, 3, '{}', 1, 33),
(134, 7, 112, -1, 0, 3, '{}', 1, 33),
(135, 7, 117, -3, 0, 9, '{}', 5, 33),
(138, 7, 107, -2, 0, 6, '{}', 4, 33),
(139, 7, 118, -2, 0, 6, '{}', 4, 33),
(140, 7, 105, -3, 0, 9, '{}', 5, 33),
(141, 7, 114, -4, 0, 12, '{}', 7, 33),
(142, 7, 100, -1, 0, 3, '{}', 1, 33),
(143, 7, 115, -1, 0, 3, '{}', 1, 33),
(144, 7, 36, 0, 0, 12, '{}', 9, 33),
(145, 7, 133, -1, 0, 3, '{}', 1, 33),
(146, 7, 139, -2, 0, 6, '{}', 3, 33),
(147, 7, 39, -3, 0, 9, '{}', 5, 33),
(148, 7, 37, -1, 0, 3, '{}', 2, 33),
(149, 7, 111, -3, 0, 9, '{}', 5, 33),
(150, 7, 135, -4, 0, 12, '{}', 8, 33),
(151, 7, 108, -2, 0, 6, '{}', 4, 33),
(152, 8, 107, -2, 0, 6, '{}', 3, 33),
(153, 8, 118, -1, 0, 3, '{}', 1, 33),
(154, 8, 105, -2, 0, 6, '{}', 3, 33),
(155, 8, 114, -4, 0, 12, '{}', 8, 33),
(156, 8, 115, -1, 0, 3, '{}', 1, 33),
(157, 8, 36, 0, 0, 12, '{}', 10, 33),
(158, 8, 37, -1, 0, 3, '{}', 2, 33),
(159, 8, 111, -3, 0, 9, '{}', 4, 33),
(160, 8, 135, -4, 0, 12, '{}', 9, 33),
(161, 8, 108, -2, 0, 6, '{}', 3, 33),
(162, 8, 103, -3, 0, 9, '{}', 5, 33),
(163, 8, 119, 0, 0, 9, '{}', 5, 33),
(164, 8, 38, 0, 0, 9, '{}', 6, 33),
(165, 8, 34, -3, 0, 9, '{}', 4, 33),
(166, 8, 137, -1, 0, 3, '{}', 1, 33),
(167, 8, 40, -2, 0, 6, '{}', 3, 33),
(168, 8, 41, -4, 0, 12, '{}', 7, 33),
(169, 9, 118, -1, 0, 3, '{}', 1, 33),
(170, 9, 105, -2, 0, 6, '{}', 2, 33),
(171, 9, 114, -4, 0, 12, '{}', 7, 33),
(172, 9, 115, -1, 0, 3, '{}', 1, 33),
(173, 9, 36, 0, 0, 12, '{}', 10, 33),
(174, 9, 134, -2, 0, 6, '{}', 2, 33),
(175, 9, 111, -3, 0, 9, '{}', 3, 33),
(176, 9, 135, -4, 0, 12, '{}', 8, 33),
(177, 9, 108, -1, 0, 3, '{}', 1, 33),
(178, 9, 119, 0, 0, 9, '{}', 4, 33),
(179, 9, 104, -4, 0, 12, '{}', 9, 33),
(180, 9, 38, 0, 0, 9, '{}', 5, 33),
(181, 9, 34, -3, 0, 9, '{}', 3, 33),
(182, 9, 137, -1, 0, 3, '{}', 1, 33),
(183, 9, 40, -2, 0, 6, '{}', 2, 33),
(184, 9, 41, -3, 0, 9, '{}', 6, 33),
(185, 9, 138, -2, 0, 6, '{}', 2, 33),
(186, 9, 116, -4, 0, 12, '{}', 11, 33),
(187, 6, 105, -4, 0, 12, '{}', 5, 33),
(188, 6, 38, 0, 0, 12, '{}', 7, 33),
(189, 7, 38, 0, 0, 12, '{}', 6, 33),
(190, 16, 107, -3, 0, 9, '{}', 4, 33),
(191, 16, 113, -3, 0, 9, '{}', 4, 33),
(192, 16, 129, 0, 0, 12, '{}', 6, 33),
(193, 16, 130, -2, 0, 6, '{}', 2, 33),
(194, 16, 101, -1, 0, 3, '{}', 1, 33),
(195, 16, 112, -1, 0, 3, '{}', 1, 33),
(196, 16, 117, -3, 0, 9, '{}', 4, 33),
(197, 16, 131, -1, 0, 3, '{}', 1, 33),
(198, 16, 132, -1, 0, 3, '{}', 1, 33),
(199, 16, 118, -3, 0, 9, '{}', 4, 33),
(200, 16, 100, -2, 0, 6, '{}', 2, 33),
(201, 16, 36, 0, 0, 12, '{}', 8, 33),
(202, 16, 133, -1, 0, 3, '{}', 1, 33),
(203, 16, 139, -3, 0, 9, '{}', 4, 33),
(204, 16, 37, -2, 0, 6, '{}', 3, 33),
(205, 16, 136, -2, 0, 6, '{}', 2, 33),
(206, 16, 105, -4, 0, 12, '{}', 5, 33),
(207, 16, 38, 0, 0, 12, '{}', 7, 33),
(208, 17, 101, -1, 0, 3, '{}', 1, 33),
(209, 17, 112, -1, 0, 3, '{}', 1, 33),
(210, 17, 117, -3, 0, 9, '{}', 5, 33),
(211, 17, 107, -2, 0, 6, '{}', 4, 33),
(212, 17, 118, -2, 0, 6, '{}', 4, 33),
(213, 17, 105, -3, 0, 9, '{}', 5, 33),
(214, 17, 114, -4, 0, 12, '{}', 7, 33),
(215, 17, 100, -1, 0, 3, '{}', 1, 33),
(216, 17, 115, -1, 0, 3, '{}', 1, 33),
(217, 17, 36, 0, 0, 12, '{}', 9, 33),
(218, 17, 133, -1, 0, 3, '{}', 1, 33),
(219, 17, 139, -2, 0, 6, '{}', 3, 33),
(220, 17, 39, -3, 0, 9, '{}', 5, 33),
(221, 17, 37, -1, 0, 3, '{}', 2, 33),
(222, 17, 111, -3, 0, 9, '{}', 5, 33),
(223, 17, 135, -4, 0, 12, '{}', 8, 33),
(224, 17, 108, -2, 0, 6, '{}', 4, 33),
(225, 17, 38, 0, 0, 12, '{}', 6, 33),
(226, 18, 107, -2, 0, 6, '{}', 3, 33),
(227, 18, 118, -1, 0, 3, '{}', 1, 33),
(228, 18, 105, -2, 0, 6, '{}', 3, 33),
(229, 18, 114, -4, 0, 12, '{}', 8, 33),
(230, 18, 115, -1, 0, 3, '{}', 1, 33),
(231, 18, 36, 0, 0, 12, '{}', 10, 33),
(232, 18, 37, -1, 0, 3, '{}', 2, 33),
(233, 18, 111, -3, 0, 9, '{}', 4, 33),
(234, 18, 135, -4, 0, 12, '{}', 9, 33),
(235, 18, 108, -2, 0, 6, '{}', 3, 33),
(236, 18, 103, -3, 0, 9, '{}', 5, 33),
(237, 18, 119, 0, 0, 9, '{}', 5, 33),
(238, 18, 38, 0, 0, 9, '{}', 6, 33),
(239, 18, 34, -3, 0, 9, '{}', 4, 33),
(240, 18, 137, -1, 0, 3, '{}', 1, 33),
(241, 18, 40, -2, 0, 6, '{}', 3, 33),
(242, 18, 41, -4, 0, 12, '{}', 7, 33),
(243, 19, 118, -1, 0, 3, '{}', 1, 33),
(244, 19, 105, -2, 0, 6, '{}', 2, 33),
(245, 19, 114, -4, 0, 12, '{}', 7, 33),
(246, 19, 115, -1, 0, 3, '{}', 1, 33),
(247, 19, 36, 0, 0, 12, '{}', 10, 33),
(248, 19, 134, -2, 0, 6, '{}', 2, 33),
(249, 19, 111, -3, 0, 9, '{}', 3, 33),
(250, 19, 135, -4, 0, 12, '{}', 8, 33),
(251, 19, 108, -1, 0, 3, '{}', 1, 33),
(252, 19, 119, 0, 0, 9, '{}', 4, 33),
(253, 19, 104, -4, 0, 12, '{}', 9, 33),
(254, 19, 38, 0, 0, 9, '{}', 5, 33),
(255, 19, 34, -3, 0, 9, '{}', 3, 33),
(256, 19, 137, -1, 0, 3, '{}', 1, 33),
(257, 19, 40, -2, 0, 6, '{}', 2, 33),
(258, 19, 41, -3, 0, 9, '{}', 6, 33),
(259, 19, 138, -2, 0, 6, '{}', 2, 33),
(260, 19, 116, -4, 0, 12, '{}', 11, 33),
(261, 20, 112, -1, 0, 3, '{}', 1, 33),
(262, 20, 133, -1, 0, 3, '{}', 1, 33),
(263, 20, 132, -1, 0, 3, '{}', 1, 33),
(264, 20, 131, -1, 0, 3, '{}', 1, 33),
(265, 20, 101, -1, 0, 3, '{}', 1, 33),
(266, 20, 100, -1, 0, 3, '{}', 2, 33),
(267, 20, 130, -1, 0, 3, '{}', 2, 33),
(268, 20, 136, -1, 0, 3, '{}', 2, 33),
(269, 20, 37, -1, 0, 3, '{}', 2, 33),
(270, 20, 139, -2, 0, 6, '{}', 4, 33),
(271, 20, 107, -2, 0, 6, '{}', 4, 33),
(272, 20, 118, -2, 0, 6, '{}', 4, 33),
(273, 20, 117, -2, 0, 6, '{}', 4, 33),
(274, 20, 113, -2, 0, 6, '{}', 4, 33),
(275, 20, 105, -3, 0, 9, '{}', 5, 33),
(276, 20, 129, -2, 0, 6, '{}', 3, 33),
(277, 20, 38, 0, 0, 9, '{}', 5, 33),
(278, 20, 36, 0, 0, 12, '{}', 8, 33),
(279, 20, 115, -2, 0, 6, '{}', 3, 33),
(280, 20, 108, -3, 0, 9, '{}', 5, 33),
(281, 20, 39, -3, 0, 9, '{}', 5, 33),
(282, 20, 111, -4, 0, 12, '{}', 6, 33),
(283, 20, 114, -4, 0, 12, '{}', 6, 33),
(284, 20, 135, -4, 0, 12, '{}', 6, 33),
(285, 20, 137, -2, 0, 6, '{}', 3, 33),
(286, 20, 40, -3, 0, 9, '{}', 5, 33),
(287, 20, 34, -2, 0, 6, '{}', 3, 33),
(288, 20, 103, -4, 0, 12, '{}', 6, 33),
(289, 20, 119, 0, 0, 6, '{}', 3, 33),
(290, 20, 41, -3, 0, 9, '{}', 5, 33),
(291, 20, 134, -3, 0, 9, '{}', 5, 33),
(292, 20, 138, -4, 0, 12, '{}', 6, 33),
(293, 20, 104, -4, 0, 12, '{}', 6, 33),
(294, 20, 116, -4, 0, 12, '{}', 7, 33),
(295, 21, 24, -1, 0, 3, '{}', 1, 33),
(296, 21, 121, -1, 0, 3, '{}', 1, 33),
(297, 21, 18, -1, 0, 3, '{}', 1, 33),
(298, 21, 26, -1, 0, 3, '{}', 1, 33),
(299, 21, 27, -2, 0, 6, '{}', 2, 33),
(300, 21, 22, -1, 0, 3, '{}', 1, 33),
(301, 21, 3, -1, 0, 3, '{}', 1, 33),
(302, 21, 30, -1, 0, 3, '{}', 1, 33),
(303, 21, 13, 0, 0, 9, '{}', 3, 33),
(304, 21, 16, -2, 0, 6, '{}', 2, 33),
(305, 21, 1, -1, 0, 3, '{}', 1, 33),
(306, 21, 19, -1, 0, 3, '{}', 1, 33),
(307, 21, 17, -1, 0, 3, '{}', 1, 33),
(308, 21, 127, 0, 0, 6, '{}', 2, 33),
(309, 21, 29, -4, 0, 12, '{}', 6, 33),
(310, 21, 4, -2, 0, 6, '{}', 2, 33),
(311, 21, 28, -2, 0, 6, '{}', 2, 33),
(312, 21, 124, -2, 0, 6, '{}', 2, 33),
(313, 21, 12, -3, 0, 9, '{}', 4, 33),
(314, 21, 7, -3, 0, 9, '{}', 5, 33),
(315, 21, 6, -4, 0, 12, '{}', 6, 33),
(316, 21, 14, -2, 0, 6, '{}', 2, 33),
(317, 21, 2, -2, 0, 6, '{}', 2, 33),
(318, 21, 8, -3, 0, 9, '{}', 5, 33),
(319, 21, 23, -3, 0, 9, '{}', 4, 33),
(320, 21, 126, -4, 0, 12, '{}', 6, 33),
(321, 21, 123, -3, 0, 9, '{}', 3, 33),
(322, 21, 33, -4, 0, 12, '{}', 6, 33),
(323, 21, 10, -4, 0, 12, '{}', 6, 33),
(324, 21, 5, -4, 0, 12, '{}', 6, 33),
(325, 21, 15, -3, 0, 9, '{}', 3, 33),
(326, 21, 9, -4, 0, 12, '{}', 6, 33),
(327, 21, 128, 0, 0, 12, '{}', 6, 33),
(328, 21, 21, -2, 0, 6, '{}', 2, 33),
(329, 21, 122, -3, 0, 9, '{}', 4, 33),
(330, 21, 125, 0, 0, 12, '{}', 6, 33),
(331, 22, 143, -3, 0, 9, '{}', 4, 33),
(334, 22, 140, -2, 0, 6, '{}', 1, 33),
(335, 22, 141, -2, 0, 6, '{}', 2, 33),
(336, 22, 142, -4, 0, 12, '{}', 3, 33),
(337, 22, 144, -2, 0, 6, '{}', 5, 33),
(338, 22, 145, -3, 0, 9, '{}', 7, 33),
(339, 22, 146, -2, 0, 6, '{}', 6, 33),
(340, 22, 147, -2, 0, 6, '{}', 8, 33),
(341, 22, 148, -3, 0, 9, '{}', 9, 33),
(342, 22, 149, -2, 0, 6, '{}', 10, 33),
(343, 22, 151, -2, 0, 6, '{}', 12, 33),
(344, 22, 150, -2, 0, 6, '{}', 11, 33),
(345, 22, 152, -3, 0, 9, '{}', 13, 33),
(346, 22, 153, -2, 0, 6, '{}', 14, 33),
(347, 22, 155, -2, 0, 6, '{}', 16, 33),
(348, 22, 154, -3, 0, 9, '{}', 15, 33),
(349, 22, 156, -2, 0, 6, '{}', 17, 33),
(350, 22, 157, -2, 0, 6, '{}', 18, 33),
(351, 22, 158, -3, 0, 9, '{}', 19, 33),
(352, 22, 159, -4, 0, 12, '{}', 20, 33),
(353, 22, 160, -3, 0, 9, '{}', 21, 33),
(354, 22, 161, -4, 0, 12, '{}', 22, 33),
(355, 22, 162, -2, 0, 6, '{}', 23, 33),
(356, 22, 163, -2, 0, 6, '{}', 24, 33),
(357, 22, 164, -2, 0, 6, '{}', 25, 33),
(358, 22, 165, -3, 0, 9, '{}', 26, 33),
(359, 22, 166, -3, 0, 9, '{}', 27, 33),
(360, 22, 167, -3, 0, 9, '{}', 28, 33),
(361, 22, 168, -2, 0, 6, '{}', 29, 33),
(362, 22, 169, -2, 0, 6, '{}', 30, 33),
(363, 22, 170, -2, 0, 6, '{}', 31, 33),
(364, 22, 171, -4, 0, 12, '{}', 32, 33),
(365, 22, 172, -2, 0, 6, '{}', 33, 33),
(366, 22, 173, -2, 0, 6, '{}', 34, 33),
(367, 22, 174, -3, 0, 9, '{}', 35, 33),
(368, 22, 175, -4, 0, 12, '{}', 36, 33),
(369, 22, 176, -2, 0, 6, '{}', 37, 33),
(370, 22, 177, -4, 0, 12, '{}', 38, 33),
(371, 23, 141, -2, 0, 6, '{}', 2, 33),
(372, 23, 145, -2, 0, 6, '{}', 2, 33),
(373, 23, 147, -3, 0, 9, '{}', 3, 33),
(374, 23, 149, -4, 0, 12, '{}', 5, 33),
(375, 23, 151, -4, 0, 12, '{}', 5, 33),
(376, 23, 153, -2, 0, 6, '{}', 2, 33),
(377, 23, 155, -4, 0, 12, '{}', 4, 33),
(378, 23, 156, -2, 0, 6, '{}', 1, 33),
(379, 23, 157, -3, 0, 9, '{}', 3, 33),
(380, 23, 163, -4, 0, 12, '{}', 5, 33),
(381, 23, 164, -4, 0, 12, '{}', 4, 33),
(382, 23, 166, -4, 0, 12, '{}', 4, 33),
(383, 23, 168, -2, 0, 6, '{}', 2, 33),
(384, 23, 169, -2, 0, 6, '{}', 1, 33),
(385, 23, 172, -3, 0, 9, '{}', 3, 33),
(386, 23, 173, -3, 0, 9, '{}', 3, 33),
(387, 23, 174, -3, 0, 9, '{}', 3, 33),
(388, 23, 175, -3, 0, 9, '{}', 3, 33),
(389, 24, 141, -2, 0, 6, '{}', 1, 33),
(390, 24, 143, -4, 0, 12, '{}', 3, 33),
(391, 24, 146, -4, 0, 12, '{}', 3, 33),
(392, 24, 147, -2, 0, 6, '{}', 1, 33),
(393, 24, 148, -4, 0, 12, '{}', 3, 33),
(394, 24, 149, -3, 0, 9, '{}', 2, 33),
(395, 24, 150, -4, 0, 12, '{}', 3, 33),
(396, 24, 151, -3, 0, 9, '{}', 2, 33),
(397, 24, 155, -3, 0, 9, '{}', 2, 33),
(398, 24, 157, -2, 0, 6, '{}', 1, 33),
(399, 24, 162, -4, 0, 12, '{}', 3, 33),
(400, 24, 163, -2, 0, 6, '{}', 1, 33),
(401, 24, 167, -4, 0, 12, '{}', 3, 33),
(402, 24, 170, -3, 0, 9, '{}', 2, 33),
(403, 24, 172, -2, 0, 6, '{}', 1, 33),
(404, 24, 173, -3, 0, 9, '{}', 2, 33),
(405, 24, 174, -3, 0, 9, '{}', 2, 33),
(406, 24, 175, -2, 0, 6, '{}', 1, 33),
(407, 25, 140, -2, 0, 6, '{}', 1, 33),
(408, 25, 141, -2, 0, 6, '{}', 1, 33),
(409, 25, 142, -4, 0, 12, '{}', 3, 33),
(410, 25, 144, -3, 0, 9, '{}', 2, 33),
(411, 25, 147, -2, 0, 6, '{}', 1, 33),
(412, 25, 149, -2, 0, 6, '{}', 1, 33),
(413, 25, 150, -3, 0, 9, '{}', 2, 33),
(414, 25, 152, -4, 0, 12, '{}', 3, 33),
(415, 25, 158, -3, 0, 9, '{}', 2, 33),
(416, 25, 159, -4, 0, 12, '{}', 3, 33),
(417, 25, 160, -4, 0, 12, '{}', 3, 33),
(418, 25, 162, -3, 0, 9, '{}', 2, 33),
(419, 25, 163, -2, 0, 6, '{}', 1, 33),
(420, 25, 165, -3, 0, 9, '{}', 2, 33),
(421, 25, 167, -3, 0, 9, '{}', 2, 33),
(422, 25, 170, -2, 0, 6, '{}', 1, 33),
(423, 25, 171, -4, 0, 12, '{}', 3, 33),
(424, 25, 177, -4, 0, 12, '{}', 3, 33),
(425, 26, 141, -2, 0, 6, '{}', 1, 33),
(426, 26, 142, -4, 0, 12, '{}', 3, 33),
(427, 26, 144, -2, 0, 6, '{}', 1, 33),
(428, 26, 146, -3, 0, 9, '{}', 2, 33),
(429, 26, 147, -2, 0, 6, '{}', 1, 33),
(430, 26, 150, -2, 0, 6, '{}', 1, 33),
(431, 26, 152, -3, 0, 9, '{}', 2, 33),
(432, 26, 154, -3, 0, 9, '{}', 2, 33),
(433, 26, 158, -3, 0, 9, '{}', 2, 33),
(434, 26, 159, -4, 0, 12, '{}', 3, 33),
(435, 26, 160, -3, 0, 9, '{}', 2, 33),
(436, 26, 161, -4, 0, 12, '{}', 3, 33),
(437, 26, 162, -2, 0, 6, '{}', 1, 33),
(438, 26, 163, -2, 0, 6, '{}', 1, 33),
(439, 26, 165, -3, 0, 9, '{}', 2, 33),
(440, 26, 171, -4, 0, 12, '{}', 3, 33),
(441, 26, 176, -4, 0, 12, '{}', 3, 33),
(442, 26, 177, -4, 0, 12, '{}', 3, 33),
(443, 27, 179, -3, 0, 3, '{}', 1, 33),
(444, 27, 194, -1, 0, 2, '{}', 1, 33),
(445, 27, 180, -2, 0, 3, '{}', 1, 33),
(446, 27, 208, -2, 0, 9, '{}', 5, 33),
(447, 27, 182, 0, 0, 3, '{}', 2, 33),
(448, 27, 183, -5, 0, 12, '{}', 9, 33),
(449, 27, 178, -2, 0, 8, '{}', 3, 33),
(450, 27, 184, 0, 0, 4, '{}', 2, 33),
(451, 27, 186, 0, 0, 10, '{}', 11, 33),
(453, 27, 188, 0, 0, 18, '{}', 12, 33),
(454, 27, 191, 0, 0, 14, '{}', 10, 33),
(455, 27, 192, 0, 0, 20, '{}', 4, 33),
(456, 27, 195, 0, 0, 11, '{}', 8, 33),
(457, 27, 198, 0, 0, 13, '{}', 7, 33),
(458, 27, 201, 0, 0, 7, '{}', 2, 33),
(459, 27, 199, -2, 0, 7, '{}', 3, 33),
(461, 30, 208, -3, 0, 6, '{}', 2, 33),
(462, 30, 182, 0, 0, 3, '{}', 1, 33),
(463, 30, 183, -4, 0, 9, '{}', 3, 33),
(464, 30, 178, -1, 0, 7, '{}', 2, 33),
(465, 30, 184, 0, 0, 4, '{}', 1, 33),
(466, 30, 185, -4, 0, 12, '{}', 7, 33),
(467, 30, 186, 0, 0, 7, '{}', 3, 33),
(468, 30, 187, 0, 0, 20, '{}', 11, 33),
(469, 30, 188, 0, 0, 19, '{}', 8, 33),
(470, 30, 189, -3, 0, 12, '{}', 3, 33),
(471, 30, 190, -4, 0, 13, '{}', 3, 33),
(472, 30, 191, 0, 0, 14, '{}', 9, 33),
(473, 30, 192, 0, 0, 18, '{}', 4, 33),
(474, 30, 195, 0, 0, 11, '{}', 6, 33),
(475, 30, 198, 0, 0, 9, '{}', 5, 33),
(476, 30, 201, 0, 0, 4, '{}', 2, 33),
(477, 30, 199, -2, 0, 5, '{}', 1, 33),
(479, 28, 185, -3, 0, 8, '{}', 2, 33),
(480, 28, 186, 0, 0, 6, '{}', 2, 33),
(481, 28, 187, 0, 0, 19, '{}', 7, 33),
(482, 28, 188, 0, 0, 18, '{}', 9, 33),
(483, 28, 189, -2, 0, 11, '{}', 3, 33),
(484, 28, 190, -2, 0, 5, '{}', 2, 33),
(485, 28, 191, 0, 0, 9, '{}', 3, 33),
(486, 28, 193, 0, 0, 20, '{}', 4, 33),
(487, 28, 195, 0, 0, 8, '{}', 8, 33),
(488, 28, 197, 0, 0, 10, '{}', 5, 33),
(489, 28, 200, 0, 0, 4, '{}', 1, 33),
(490, 28, 201, 0, 0, 2, '{}', 1, 33),
(491, 28, 203, -4, 0, 12, '{}', 3, 33),
(492, 28, 202, -3, 0, 9, '{}', 6, 33),
(493, 28, 204, -4, 0, 11, '{}', 11, 33),
(495, 28, 206, -3, 0, 11, '{}', 12, 33),
(497, 29, 185, -3, 0, 3, '{}', 1, 33),
(498, 29, 186, 0, 0, 4, '{}', 1, 33),
(499, 29, 187, 0, 0, 14, '{}', 7, 33),
(500, 29, 188, 0, 0, 9, '{}', 3, 33),
(501, 29, 189, -2, 0, 3, '{}', 2, 33),
(502, 29, 190, -2, 0, 5, '{}', 1, 33),
(503, 29, 191, 0, 0, 8, '{}', 6, 33),
(504, 29, 193, 0, 0, 20, '{}', 4, 33),
(505, 29, 196, 0, 0, 15, '{}', 8, 33),
(506, 29, 197, 0, 0, 10, '{}', 3, 33),
(507, 29, 200, 0, 0, 3, '{}', 2, 33),
(508, 29, 203, -3, 0, 8, '{}', 3, 33),
(509, 29, 202, -3, 0, 9, '{}', 2, 33),
(510, 29, 204, -5, 0, 11, '{}', 9, 33),
(511, 29, 205, 0, 0, 18, '{}', 12, 33),
(512, 29, 206, -5, 0, 12, '{}', 10, 33),
(513, 29, 207, 0, 0, 19, '{}', 11, 33),
(514, 31, 179, -1, 0, 3, '{}', 1, 33),
(515, 31, 194, -1, 0, 3, '{}', 2, 33),
(516, 31, 180, -1, 0, 3, '{}', 2, 33),
(517, 31, 181, -1, 0, 3, '{}', 4, 33),
(518, 31, 182, -1, 0, 3, '{}', 5, 33),
(519, 31, 183, -1, 0, 3, '{}', 6, 33),
(520, 31, 178, -1, 0, 3, '{}', 7, 33),
(521, 31, 184, -1, 0, 3, '{}', 8, 33),
(522, 31, 185, -1, 0, 3, '{}', 9, 33),
(523, 31, 186, -1, 0, 3, '{}', 10, 33),
(524, 31, 187, -1, 0, 3, '{}', 11, 33),
(525, 31, 188, -1, 0, 3, '{}', 12, 33),
(526, 31, 189, -1, 0, 3, '{}', 13, 33),
(527, 31, 190, -1, 0, 3, '{}', 14, 33),
(528, 31, 191, -1, 0, 3, '{}', 15, 33),
(529, 31, 192, -1, 0, 3, '{}', 16, 33),
(530, 31, 193, -1, 0, 3, '{}', 17, 33),
(531, 31, 195, -1, 0, 3, '{}', 18, 33),
(532, 31, 196, -1, 0, 3, '{}', 19, 33),
(533, 31, 197, -1, 0, 3, '{}', 20, 33),
(534, 31, 198, -1, 0, 3, '{}', 21, 33),
(535, 31, 200, -1, 0, 3, '{}', 22, 33),
(536, 31, 201, -1, 0, 3, '{}', 23, 33),
(537, 31, 203, -1, 0, 3, '{}', 24, 33),
(538, 31, 199, -1, 0, 3, '{}', 25, 33),
(539, 31, 202, -1, 0, 3, '{}', 26, 33),
(540, 31, 204, -1, 0, 3, '{}', 27, 33),
(541, 31, 205, -1, 0, 3, '{}', 28, 33),
(542, 31, 206, -1, 0, 3, '{}', 29, 33),
(543, 31, 207, -1, 0, 3, '{}', 30, 33),
(544, 27, 190, -4, 0, 11, '{}', 3, 33),
(545, 30, 197, 0, 0, 10, '{}', 10, 33),
(546, 28, 181, -4, 0, 13, '{}', 10, 33),
(547, 28, 183, -2, 0, 3, '{}', 1, 33),
(548, 29, 181, -5, 0, 8, '{}', 5, 33),
(549, 31, 208, -1, 0, 3, '{}', 3, 33),
(670, 32, 226, 0, 0, 8, '{}', 0, 33),
(671, 32, 215, 0, 0, 10, '{&quot;difficulty&quot;:&quot;hard&quot;}', 14, 33),
(672, 32, 209, 0, 0, 8, '{&quot;difficulty&quot;:&quot;easy&quot;}', 13, 33),
(673, 32, 222, 0, 0, 13, '{}', 12, 33),
(674, 32, 213, 0, 0, 12, '{&quot;difficulty&quot;:&quot;hard&quot;}', 12, 33),
(675, 32, 227, 0, 0, 11, '{}', 12, 33),
(676, 32, 220, 0, 0, 10, '{&quot;difficulty&quot;:&quot;easy&quot;}', 9, 33),
(677, 32, 221, 0, 0, 6, '{&quot;difficulty&quot;:&quot;easy&quot;}', 9, 33),
(678, 32, 223, 0, 0, 9, '{&quot;difficulty&quot;:&quot;easy&quot;}', 9, 33),
(679, 32, 218, 0, 0, 8, '{&quot;difficulty&quot;:&quot;hard&quot;}', 7, 33),
(680, 32, 214, 0, 0, 11, '{}', 7, 33),
(681, 32, 217, 0, 0, 12, '{&quot;difficulty&quot;:&quot;easy&quot;}', 4, 33),
(682, 32, 216, 0, 0, 9, '{}', 4, 33),
(683, 32, 224, 0, 0, 8, '{}', 4, 33),
(684, 32, 219, 0, 0, 10, '{&quot;difficulty&quot;:&quot;easy&quot;}', 2, 33),
(685, 32, 225, 0, 0, 10, '{&quot;difficulty&quot;:&quot;easy&quot;}', 2, 33),
(686, 32, 212, 0, 0, 10, '{&quot;difficulty&quot;:&quot;easy&quot;}', 0, 33),
(687, 32, 233, 0, 0, 12, '{&quot;difficulty&quot;:&quot;many&quot;}', 15, 33),
(688, 36, 226, 0, 0, 8, '{}', 0, 33),
(689, 36, 215, 0, 0, 10, '{&quot;difficulty&quot;:&quot;hard&quot;}', 14, 33),
(690, 36, 209, 0, 0, 8, '{&quot;difficulty&quot;:&quot;easy&quot;}', 13, 33),
(691, 36, 222, 0, 0, 13, '{}', 12, 33),
(692, 36, 213, 0, 0, 12, '{&quot;difficulty&quot;:&quot;hard&quot;}', 12, 33),
(693, 36, 227, 0, 0, 11, '{}', 12, 33),
(694, 36, 220, 0, 0, 10, '{&quot;difficulty&quot;:&quot;easy&quot;}', 9, 33),
(695, 36, 221, 0, 0, 6, '{&quot;difficulty&quot;:&quot;easy&quot;}', 9, 33),
(696, 36, 223, 0, 0, 9, '{&quot;difficulty&quot;:&quot;easy&quot;}', 9, 33),
(697, 36, 218, 0, 0, 8, '{&quot;difficulty&quot;:&quot;hard&quot;}', 7, 33),
(698, 36, 214, 0, 0, 11, '{}', 7, 33),
(699, 36, 217, 0, 0, 12, '{&quot;difficulty&quot;:&quot;easy&quot;}', 4, 33),
(700, 36, 216, 0, 0, 9, '{}', 4, 33),
(701, 36, 224, 0, 0, 8, '{}', 4, 33),
(702, 36, 219, 0, 0, 10, '{&quot;difficulty&quot;:&quot;easy&quot;}', 2, 33),
(703, 36, 225, 0, 0, 10, '{&quot;difficulty&quot;:&quot;easy&quot;}', 2, 33),
(704, 36, 212, 0, 0, 10, '{&quot;difficulty&quot;:&quot;easy&quot;}', 1, 33),
(705, 36, 233, 0, 0, 12, '{&quot;difficulty&quot;:&quot;many&quot;}', 15, 33),
(706, 33, 226, 0, 0, 8, '{}', 0, 33),
(707, 33, 215, 0, 0, 10, '{&quot;difficulty&quot;:&quot;hard&quot;}', 16, 33),
(708, 33, 209, 0, 0, 9, '{&quot;difficulty&quot;:&quot;hard&quot;}', 12, 33),
(709, 33, 222, 0, 0, 12, '{}', 12, 33),
(710, 33, 213, 0, 0, 11, '{&quot;difficulty&quot;:&quot;hard&quot;}', 12, 33),
(711, 33, 227, 0, 0, 13, '{}', 12, 33),
(712, 33, 220, 0, 0, 9, '{&quot;difficulty&quot;:&quot;easy&quot;}', 9, 33),
(713, 33, 221, 0, 0, 8, '{&quot;difficulty&quot;:&quot;easy&quot;}', 9, 33),
(714, 33, 223, 0, 0, 10, '{&quot;difficulty&quot;:&quot;easy&quot;}', 9, 33),
(715, 33, 218, 0, 0, 12, '{&quot;difficulty&quot;:&quot;hard&quot;}', 7, 33),
(716, 33, 214, 0, 0, 11, '{}', 7, 33),
(717, 33, 217, 0, 0, 10, '{&quot;difficulty&quot;:&quot;easy&quot;}', 4, 33),
(718, 33, 216, 0, 0, 9, '{}', 4, 33),
(719, 33, 224, 0, 0, 8, '{}', 4, 33),
(720, 33, 219, 0, 0, 13, '{&quot;difficulty&quot;:&quot;easy&quot;}', 2, 33),
(721, 33, 225, 0, 0, 12, '{&quot;difficulty&quot;:&quot;easy&quot;}', 2, 33),
(722, 33, 212, 0, 0, 11, '{&quot;difficulty&quot;:&quot;hard&quot;}', 1, 33),
(723, 33, 233, 0, 0, 12, '{&quot;difficulty&quot;:&quot;many&quot;}', 17, 33),
(724, 37, 226, 0, 0, 8, '{}', 0, 33),
(725, 37, 215, 0, 0, 10, '{&quot;difficulty&quot;:&quot;hard&quot;}', 16, 33),
(726, 37, 209, 0, 0, 9, '{&quot;difficulty&quot;:&quot;hard&quot;}', 12, 33),
(727, 37, 222, 0, 0, 12, '{}', 12, 33),
(728, 37, 213, 0, 0, 11, '{&quot;difficulty&quot;:&quot;hard&quot;}', 12, 33),
(729, 37, 227, 0, 0, 13, '{}', 12, 33),
(730, 37, 220, 0, 0, 9, '{&quot;difficulty&quot;:&quot;easy&quot;}', 9, 33),
(731, 37, 221, 0, 0, 8, '{&quot;difficulty&quot;:&quot;easy&quot;}', 9, 33),
(732, 37, 223, 0, 0, 10, '{&quot;difficulty&quot;:&quot;easy&quot;}', 9, 33),
(733, 37, 218, 0, 0, 12, '{&quot;difficulty&quot;:&quot;hard&quot;}', 7, 33),
(734, 37, 214, 0, 0, 11, '{}', 7, 33),
(735, 37, 217, 0, 0, 10, '{&quot;difficulty&quot;:&quot;easy&quot;}', 4, 33),
(736, 37, 216, 0, 0, 9, '{}', 4, 33),
(737, 37, 224, 0, 0, 8, '{}', 4, 33),
(738, 37, 219, 0, 0, 13, '{&quot;difficulty&quot;:&quot;easy&quot;}', 2, 33),
(739, 37, 225, 0, 0, 12, '{&quot;difficulty&quot;:&quot;easy&quot;}', 2, 33),
(740, 37, 212, 0, 0, 11, '{&quot;difficulty&quot;:&quot;hard&quot;}', 0, 33),
(741, 37, 233, 0, 0, 12, '{&quot;difficulty&quot;:&quot;many&quot;}', 17, 33),
(742, 34, 212, 0, 0, 10, '{&quot;difficulty&quot;:&quot;hard&quot;}', 0, 33),
(743, 34, 233, 0, 0, 12, '{&quot;difficulty&quot;:&quot;many&quot;}', 17, 33),
(744, 34, 215, 0, 0, 10, '{&quot;difficulty&quot;:&quot;hard&quot;}', 16, 33),
(745, 34, 209, 0, 0, 9, '{&quot;difficulty&quot;:&quot;hard&quot;}', 11, 33),
(746, 34, 223, 0, 0, 11, '{&quot;difficulty&quot;:&quot;hard&quot;}', 11, 33),
(747, 34, 222, 0, 0, 8, '{}', 11, 33),
(748, 34, 220, 0, 0, 12, '{&quot;difficulty&quot;:&quot;hard&quot;}', 11, 33),
(749, 34, 219, 0, 0, 9, '{&quot;difficulty&quot;:&quot;hard&quot;}', 11, 33),
(750, 34, 227, 0, 0, 10, '{}', 9, 33),
(751, 34, 211, 0, 0, 9, '{}', 9, 33),
(752, 34, 213, 0, 0, 10, '{&quot;difficulty&quot;:&quot;hard&quot;}', 5, 33),
(753, 34, 221, 0, 0, 8, '{&quot;difficulty&quot;:&quot;easy&quot;}', 5, 33),
(754, 34, 218, 0, 0, 12, '{&quot;difficulty&quot;:&quot;hard&quot;}', 5, 33),
(755, 34, 214, 0, 0, 11, '{}', 5, 33),
(756, 34, 225, 0, 0, 11, '{&quot;difficulty&quot;:&quot;hard&quot;}', 2, 33),
(757, 34, 217, 0, 0, 12, '{&quot;difficulty&quot;:&quot;hard&quot;}', 2, 33),
(758, 34, 216, 0, 0, 8, '{}', 2, 33),
(759, 34, 224, 0, 0, 9, '{}', 0, 33),
(760, 35, 212, 0, 0, 8, '{&quot;difficulty&quot;:&quot;hard&quot;}', 0, 33),
(761, 35, 229, 0, 0, 8, '{}', 17, 33),
(762, 35, 215, 0, 0, 14, '{&quot;difficulty&quot;:&quot;hard&quot;}', 16, 33),
(763, 35, 209, 0, 0, 10, '{&quot;difficulty&quot;:&quot;hard&quot;}', 11, 33),
(764, 35, 223, 0, 0, 11, '{&quot;difficulty&quot;:&quot;hard&quot;}', 11, 33),
(765, 35, 222, 0, 0, 10, '{}', 11, 33),
(766, 35, 220, 0, 0, 12, '{&quot;difficulty&quot;:&quot;hard&quot;}', 11, 33),
(767, 35, 219, 0, 0, 11, '{&quot;difficulty&quot;:&quot;hard&quot;}', 11, 33),
(768, 35, 227, 0, 0, 10, '{}', 9, 33),
(769, 35, 211, 0, 0, 9, '{}', 9, 33),
(770, 35, 213, 0, 0, 8, '{&quot;difficulty&quot;:&quot;hard&quot;}', 5, 33),
(771, 35, 221, 0, 0, 7, '{&quot;difficulty&quot;:&quot;easy&quot;}', 5, 33),
(772, 35, 218, 0, 0, 10, '{&quot;difficulty&quot;:&quot;hard&quot;}', 5, 33),
(773, 35, 214, 0, 0, 9, '{}', 5, 33),
(774, 35, 225, 0, 0, 12, '{&quot;difficulty&quot;:&quot;hard&quot;}', 2, 33),
(775, 35, 217, 0, 0, 11, '{&quot;difficulty&quot;:&quot;hard&quot;}', 2, 33),
(776, 35, 216, 0, 0, 10, '{}', 2, 33),
(777, 35, 224, 0, 0, 9, '{}', 0, 33),
(778, 35, 233, 0, 0, 12, '{&quot;difficulty&quot;:&quot;many&quot;}', 18, 33),
(780, 48, 184, -3, 0, 6, '{}', 0, 33),
(781, 48, 185, -3, 0, 6, '{}', 1, 33),
(782, 48, 105, -3, 0, 6, '{}', 2, 33),
(783, 48, 136, -3, 0, 6, '{}', 3, 33),
(784, 48, 34, -3, 0, 6, '{}', 4, 33),
(785, 48, 36, -3, 0, 6, '{}', 5, 33),
(786, 48, 192, -3, 0, 6, '{}', 6, 33),
(787, 49, 200, -3, 0, 6, '{}', 0, 33),
(788, 49, 38, -3, 0, 6, '{}', 1, 33),
(789, 49, 138, -3, 0, 6, '{}', 2, 33),
(790, 49, 196, -3, 0, 6, '{}', 3, 33),
(791, 49, 115, -3, 0, 6, '{}', 4, 33),
(792, 49, 187, -3, 0, 6, '{}', 5, 33),
(793, 49, 135, -3, 0, 6, '{}', 6, 33),
(794, 50, 201, -3, 0, 6, '{}', 0, 33),
(795, 50, 122, -3, 0, 6, '{}', 1, 33),
(796, 50, 129, -3, 0, 6, '{}', 2, 33),
(797, 50, 135, -3, 0, 6, '{}', 3, 33),
(798, 50, 41, -3, 0, 6, '{}', 4, 33),
(799, 50, 191, -3, 0, 6, '{}', 5, 33),
(800, 50, 192, -3, 0, 6, '{}', 6, 33),
(811, 51, 243, 0, 0, 8, '{}', 0, 33),
(813, 51, 240, 0, 0, 16, '{}', 8, 33),
(814, 51, 239, 0, 0, 15, '{}', 7, 33),
(815, 51, 235, 0, 0, 14, '{}', 6, 33),
(816, 51, 238, 0, 0, 12, '{}', 4, 33),
(817, 51, 237, 0, 0, 11, '{}', 3, 33),
(818, 51, 236, 0, 0, 10, '{}', 2, 33),
(819, 51, 241, 0, 0, 9, '{}', 1, 33),
(820, 51, 234, 0, 0, 13, '{}', 5, 33),
(821, 53, 212, 0, 0, 10, '{&quot;difficulty&quot;:&quot;easy&quot;}', 1, 33),
(822, 53, 226, 0, 0, 10, '{}', 0, 33),
(823, 53, 217, 0, 0, 10, '{&quot;difficulty&quot;:&quot;easy&quot;}', 4, 33),
(824, 53, 225, 0, 0, 10, '{&quot;difficulty&quot;:&quot;easy&quot;}', 7, 33),
(825, 53, 219, 0, 0, 10, '{&quot;difficulty&quot;:&quot;easy&quot;}', 6, 33),
(826, 53, 223, 0, 0, 10, '{&quot;difficulty&quot;:&quot;easy&quot;}', 5, 33),
(827, 53, 214, 0, 0, 10, '{}', 3, 33),
(828, 53, 209, 0, 0, 10, '{&quot;difficulty&quot;:&quot;easy&quot;}', 2, 33),
(829, 53, 216, 0, 0, 10, '{&quot;difficulty&quot;:&quot;easy&quot;}', 9, 33),
(830, 53, 213, 0, 0, 10, '{&quot;difficulty&quot;:&quot;easy&quot;}', 10, 33),
(831, 55, 214, 0, 0, 10, '{}', 0, 33),
(834, 55, 137, 0, 0, 10, '{}', 0, 33),
(838, 55, 125, 0, 0, 10, '{}', 0, 33),
(839, 55, 126, 0, 0, 10, '{}', 0, 33),
(840, 55, 34, 0, 0, 10, '{}', 0, 33),
(841, 55, 134, 0, 0, 10, '{}', 0, 33),
(842, 55, 202, 0, 0, 10, '{}', 0, 33),
(843, 55, 203, 0, 0, 10, '{}', 0, 33),
(844, 55, 111, 0, 0, 10, '{}', 0, 33),
(845, 55, 6, 0, 0, 10, '{}', 0, 33),
(846, 55, 162, 0, 0, 10, '{}', 0, 33),
(847, 55, 159, 0, 0, 10, '{}', 0, 33),
(849, 55, 14, 0, 0, 10, '{}', 0, 33),
(850, 55, 183, 0, 0, 10, '{}', 0, 33),
(851, 55, 148, 0, 0, 10, '{}', 0, 33),
(852, 55, 2, 0, 0, 10, '{}', 0, 33),
(854, 55, 1, 0, 0, 10, '{}', 0, 33),
(855, 55, 174, 0, 0, 10, '{}', 0, 33);

--
-- Dumping data for table `grade`
--

INSERT INTO `grade` (`ID`, `name`) VALUES
(-4, 'Autre'),
(-1, 'Professeur'),
(4, 'CM1'),
(5, 'CM2'),
(6, '6 e.'),
(7, '5 e.'),
(8, '4 e.'),
(9, '3 e.'),
(10, 'seconde'),
(11, 'première'),
(12, 'terminale'),
(13, 'seconde pro.'),
(14, 'première pro.'),
(15, 'terminale pro.');

--
-- Dumping data for table `group`
--

INSERT INTO `group` (`ID`, `schoolID`, `grade`, `gradeDetail`, `userID`, `name`, `nbStudents`, `nbTeamsEffective`, `nbStudentsEffective`, `contestID`, `code`, `password`, `expectedStartTime`, `startTime`, `noticePrinted`, `isPublic`, `bRecovered`, `participationType`, `iVersion`) VALUES
(3, 32, 0, '', 0, 'Castor 2011, niveau 6ème/5ème', 0, 49317, 53625, 1, '2tyzepcv', 'sjqr6f4m', NULL, '2012-09-08 22:26:05', 0, 1, 0, 'Unofficial', 260363),
(9, 0, 0, '', 4, 'Castor 2011, niveau 4ème/3ème', 0, 20888, 23598, 2, '5ayk8q4n', 'cazez8wq', NULL, '2012-09-09 19:22:05', 0, 1, 0, 'Unofficial', 260319),
(10, 0, 0, '', 4, 'Castor 2011, niveau 2nde', 0, 7337, 8032, 3, 'dayeh4d9', 'kigdv7ky', NULL, '2012-09-09 19:22:37', 0, 1, 0, 'Unofficial', 260323),
(11, 0, 0, '', 4, 'Castor 2011, niveau 1ère/terminale', 0, 6643, 7280, 4, 'jbnxqzwy', 'kmbbrd3a', NULL, '2012-09-09 19:23:07', 0, 1, 0, 'Unofficial', 260323),
(12, 0, 0, '0', 0, 'Castor 2011, toutes les questions', 0, 1230, 1231, 21, 'fsaunlfaj', 'vxmzunp', NULL, '2012-12-08 19:44:01', 0, 1, 0, 'Unofficial', 260265),
(14, 1358, 12, '', 1201, 'Algoréa 2015 : tous les niveaux', 100000, 14743, 14743, 51, 'yft7zkqu', 'zfvaxswl', '2015-12-10 22:00:00', '2015-12-04 11:20:07', 0, 1, 0, 'Unofficial', 263692),
(8477, 0, 0, '', 0, 'Castor 2012, niveau 6ème/5ème', 0, 82270, 82501, 6, 'ascsataw', '', NULL, '2012-11-25 22:54:06', 0, 1, 0, 'Unofficial', 260356),
(8478, 0, 0, '0', 0, 'Castor 2012, niveau 4ème/3ème', 0, 35934, 36079, 7, 'afrsotan', 'atsaoio', NULL, '2012-11-26 03:55:06', 0, 1, 0, 'Unofficial', 260314),
(8479, 0, 0, '0', 0, 'Castor 2012, niveau 2nde', 0, 15035, 15085, 8, 'atastosai', 'jhfauhljl', NULL, '2012-11-26 05:14:01', 0, 1, 0, 'Unofficial', 260322),
(8480, 0, 0, '0', 0, 'Castor 2012, niveau 1ère/terminale', 0, 11979, 12028, 9, 'oasfiojji', 'rwrijji;', NULL, '2012-11-25 22:56:27', 0, 1, 0, 'Unofficial', 260142),
(8487, 0, 0, '0', 0, 'Castor 2012, toutes les questions', 0, 3102, 3103, 20, 'arzfatisx', 'aptscmnu', NULL, '2012-12-08 19:05:16', 0, 1, 0, 'Unofficial', 260327),
(8501, 0, 0, '', 0, 'Castor 2010, tous les sujets', 0, 2820, 2820, 22, 'caiaop', 'afsnmcj', NULL, '2013-02-09 22:33:14', 0, 1, 0, 'Unofficial', 260279),
(8502, 0, 0, '0', 0, 'Castor 2010, niveau 6ème/5ème', 0, 44003, 44004, 23, 'afjnjani', 'kasjfnjun', NULL, '2013-02-10 05:49:12', 0, 1, 0, 'Unofficial', 260366),
(8503, 0, 0, '0', 0, 'Castor 2010, niveau 4ème/3ème', 0, 14081, 14081, 24, 'asfimni', 'oaifmnu', NULL, '2013-02-10 06:07:39', 0, 1, 0, 'Unofficial', 260329),
(8504, 0, 0, '0', 0, 'Castor 2010, niveau Seconde', 0, 5915, 5916, 25, 'fdjinon', 'niaufniun', NULL, '2013-02-09 22:56:37', 0, 1, 0, 'Unofficial', 260368),
(8505, 0, 0, '0', 0, 'Castor 2010, niveau 1ère/terminale', 0, 5647, 5647, 26, 'asfaounuop', 'amunvjdkk', NULL, '2013-02-09 23:05:39', 0, 1, 0, 'Unofficial', 260323),
(21605, 1358, 6, '', 1201, 'Castor 2013, niveau 6ème/5ème', 100000, 119206, 119207, 27, '4e86dt82', 'gj9qcxid', NULL, '2013-11-21 09:50:53', 0, 1, 0, 'Unofficial', 260367),
(21606, 1358, 8, '', 1201, 'Castor 2013, niveau 4ème/3ème', 100000, 51996, 51996, 30, 'f7f3ca8n', 'urs4zihs', NULL, '2013-11-21 09:54:29', 0, 1, 0, 'Unofficial', 260363),
(21607, 1358, 10, '', 1201, 'Castor 2013, niveau seconde', 100000, 23401, 23401, 28, 'yuebxfax', 'h4tifr9x', NULL, '2013-11-21 09:55:04', 0, 1, 0, 'Unofficial', 260358),
(21608, 1358, 11, '', 1201, 'Castor 2013, niveau 1ère/terminale', 100000, 17350, 17350, 29, 'ac4xcr8c', 'nyn9a7c3', NULL, '2013-11-21 09:55:43', 0, 1, 0, 'Unofficial', 260319),
(21611, 1358, 12, '', 1201, 'Castor 2013, tous les sujets', 100000, 7774, 7774, 31, '34a84vut', 'jedp4ce6', NULL, '2013-11-21 18:46:43', 0, 1, 0, 'Unofficial', 260327),
(36278, 0, 6, '', 0, 'Castor 2014 6ème/5ème', 0, 233305, 233306, 32, 'beta3257_6', 'beta3257_6b', NULL, '2015-09-02 18:00:00', 0, 1, 0, 'Unofficial', 260367),
(36279, 0, 4, '', 0, 'Castor 2014 4ème/3ème', 0, 82230, 82233, 33, 'beta3257_4', 'beta3257_4b', NULL, '2015-09-02 18:00:00', 0, 1, 0, 'Unofficial', 260366),
(36280, 0, 2, '', 0, 'Castor 2014 2nde', 0, 38211, 38211, 34, 'beta3257_2', 'beta3257_2b', NULL, '2015-09-02 18:00:00', 0, 1, 0, 'Unofficial', 260366),
(36281, 0, 1, '', 0, 'Castor 2014 1ère/Term', 0, 30871, 30871, 35, 'beta3257_1', 'beta3257_1b', NULL, '2015-09-02 18:00:00', 0, 1, 0, 'Unofficial', 260364);


--
-- Dumping data for table `question`
--

INSERT INTO `question` (`ID`, `key`, `folder`, `path`, `name`, `answerType`, `expectedAnswer`, `iVersion`) VALUES
(1, '2011-AT-12', '2011', '2011/2011-AT-12/index.html', 'Couleur des chaussures', 0, '4', 33),
(2, '2011-CH-03', '2011', '2011/2011-CH-03/index.html', 'Planter des poteaux', 0, '1', 33),
(3, '2011-AT-08', '2011', '2011/2011-AT-08/index.html', 'Sauts de grenouille', 0, '2', 33),
(4, '2011-AT-11', '2011', '2011/2011-AT-11/index.html', 'Transport fluvial', 1, '010001001001', 33),
(5, '2011-AT-14', '2011', '2011/2011-AT-14/index.html', 'Mot de passe', 0, '4', 33),
(6, '2011-CH-05', '2011', '2011/2011-CH-05/index.html', 'Le langage aibi', 0, '3', 33),
(7, '2011-CH-10', '2011', '2011/2011-CH-10/index.html', 'La pièce manquante', 0, '2', 33),
(8, '2011-CZ-02', '2011', '2011/2011-CZ-02/index.html', 'Plié et découpé', 0, '3', 33),
(9, '2011-DE-01', '2011', '2011/2011-DE-01/index.html', 'Une vie de plante', 0, '1', 33),
(10, '2011-DE-02', '2011', '2011/2011-DE-02/index.html', 'CuSphère et QuatreCyl', 0, '1', 33),
(11, '2011-DE-03', '2011', '2011/2011-DE-03/index.html', 'Cache cache', 1, '7', 33),
(12, '2011-DE-19', '2011', '2011/2011-DE-19/index.html', 'Boîtes de billes', 0, '3', 33),
(13, '2011-CH-02', '2011', '2011/2011-CH-02/index.html', 'Mosaïque', 1, '0100010111101101', 33),
(14, '2011-DE-20', '2011', '2011/2011-DE-20/index.html', 'Lancers de dé', 0, '4', 33),
(15, '2011-FI-04', '2011', '2011/2011-FI-04/index.html', 'Trésor caché', 1, '7', 33),
(16, '2011-FR-01', '2011', '2011/2011-FR-01/index.html', 'Fenêtre d''impression', 0, '3', 33),
(17, '2011-FR-03', '2011', '2011/2011-FR-03/index.html', 'Le prénom du héron', 0, '2', 33),
(18, '2011-FR-05', '2011', '2011/2011-FR-05/index.html', 'Castor bûcheron', 1, 'B', 33),
(19, '2011-IL-01', '2011', '2011/2011-IL-01/index.html', 'Balance', 0, '1', 33),
(20, '2011-IL-04', '2011', '2011/2011-IL-04/index.html', 'Rangée de billes rouges et bleues', 0, '3', 33),
(21, '2011-IT-09', '2011', '2011/2011-IT-09/index.html', 'Retour à la maison', 0, '2', 33),
(22, '2011-IT-14', '2011', '2011/2011-IT-14/index.html', 'Canettes et bouteilles', 0, '3', 33),
(23, '2011-JP-06', '2011', '2011/2011-JP-06/index.html', 'Prévenir les élèves', 0, '2', 33),
(24, '2011-LT-01', '2011', '2011/2011-LT-01/index.html', 'Capteur RVB', 0, '4', 33),
(25, '2011-LT-12', '2011', '2011/2011-LT-12/index.html', 'Graphe d''un dé', 0, '4', 33),
(26, '2011-LT-14', '2011', '2011/2011-LT-14/index.html', 'Voyage en Lituanie', 0, '4', 33),
(27, '2011-NL-08', '2011', '2011/2011-NL-08/index.html', 'Alphabet noir et blanc', 1, 'H', 33),
(28, '2011-NL-12', '2011', '2011/2011-NL-12/index.html', 'Mauvais chapeau', 0, '4', 33),
(29, '2011-SK-02', '2011', '2011/2011-SK-02/index.html', 'Piles d''assiettes', 0, '1', 33),
(30, '2011-SK-06', '2011', '2011/2011-SK-06/index.html', 'Robot tortue', 0, '1', 33),
(33, '2011-JP-01', '2011', '2011/2011-JP-01/index.html', 'Transport ferroviaire', 1, '12', 33),
(34, '2012-FR-06', '2012', '2012/2012-FR-06/index.html', 'Trombone rouge', 1, 'i2i7i10i14', 33),
(36, '2012-FR-08', '2012', '2012/2012-FR-08/index.html', 'Dessine un castor', 1, '1101010110100001010111110111111000000110010110011', 33),
(37, '2012-AT-04', '2012', '2012/2012-AT-04/index.html', 'Image pixellisée', 1, '111111000011110001110111100000011101110001110111111111000011', 33),
(38, '2012-FR-01', '2012', '2012/2012-FR-01/index.html', 'Course de grenouilles', 2, '', 33),
(39, '2012-HU-01a', '2012', '2012/2012-HU-01a/index.html', 'Puzzle rotatif', 1, '0,1', 33),
(40, '2012-SK-10', '2012', '2012/2012-SK-10/index.html', 'Convocations', 1, 'BCDA', 33),
(41, '2012-FR-07', '2012', '2012/2012-FR-07/index.html', 'Territoire de Castor', 2, '', 33),
(100, '2012-AT-01', '2012', '2012/2012-AT-01/index.html', 'Paysage', 0, '2', 33),
(101, '2012-AT-10', '2012', '2012/2012-AT-10/index.html', 'Vélos branchés', 0, '2', 33),
(102, '2012-AT-12', '2012', '2012/2012-AT-12/index.html', 'Robot bâtisseur', 0, '3', 33),
(103, '2012-CA-01', '2012', '2012/2012-CA-01/index.html', 'Changer les flèches', 0, '4', 33),
(104, '2012-CH-09', '2012', '2012/2012-CH-09/index.html', 'La scierie', 1, '7', 33),
(105, '2012-CZ-04', '2012', '2012/2012-CZ-04/index.html', 'Bébrocarina', 0, '4', 33),
(107, '2012-DE-07', '2012', '2012/2012-DE-07/index.html', 'Sélection de robots', 1, '5', 33),
(108, '2012-DE-10', '2012', '2012/2012-DE-10/index.html', 'Groupe de travail', 0, '4', 33),
(109, '2012-FI-03', '2012', '2012/2012-FI-03/index.html', 'Code Castor', 0, '3', 33),
(111, '2012-FR-09', '2012', '2012/2012-FR-09/index.html', 'Découpe', 0, '4', 33),
(112, '2012-FR-10', '2012', '2012/2012-FR-10/index.html', 'La chute', 0, '4', 33),
(113, '2012-IT-04', '2012', '2012/2012-IT-04/index.html', 'Navigation', 0, '4', 33),
(114, '2012-IT-13', '2012', '2012/2012-IT-13/index.html', 'Œufs de pâques', 1, '0101', 33),
(115, '2012-RU-03', '2012', '2012/2012-RU-03/index.html', 'Affichage digital', 0, '3', 33),
(116, '2012-RU-05', '2012', '2012/2012-RU-05/index.html', 'Tas de pierres', 0, '4', 33),
(117, '2012-SI-06', '2012', '2012/2012-SI-06/index.html', 'La boîte magique', 0, '2', 33),
(118, '2012-SK-02', '2012', '2012/2012-SK-02/index.html', 'Machine à textes', 0, '3', 33),
(119, '2012-UA-07', '2012', '2012/2012-UA-07/index.html', 'Verres', 1, '3', 33),
(121, '2011-SK-08', '2011', '2011/2011-SK-08/index.html', 'Les amis de Lucie', 1, '010110011110', 33),
(122, '2011-SK-11', '2011', '2011/2011-SK-11/index.html', 'Les photos de Lucie', 1, '10100000001', 33),
(123, '2011-NL-11', '2011', '2011/2011-NL-11/index.html', 'Castor facteur', 0, '3', 33),
(124, '2011-UA-07', '2011', '2011/2011-UA-07/index.html', 'Championnat d''échecs', 0, '3', 33),
(125, '2011-CH-01', '2011', '2011/2011-CH-01/index.html', 'Mosaïque cassée', 1, '01101100', 33),
(126, '2011-IL-11', '2011', '2011/2011-IL-11/index.html', 'Atteindre 51', 1, '9', 33),
(127, '2011-FR-06', '2011', '2011/2011-FR-06/index.html', 'Exploration souterraine', 2, '', 33),
(128, '2011-FR-07', '2011', '2011/2011-FR-07/index.html', 'Ranger sa chambre', 2, '', 33),
(129, '2012-CZ-12', '2012', '2012/2012-CZ-12/index.html', 'Labyrinthe', 1, '0312210010', 33),
(130, '2012-JP-05', '2012', '2012/2012-JP-05/index.html', 'Cryptage', 1, 'OTSACR', 33),
(131, '2012-SK-03', '2012', '2012/2012-SK-03/index.html', 'Animation', 0, '4', 33),
(132, '2012-ES-04', '2012', '2012/2012-ES-04/index.html', 'Tuyauterie', 1, '00011', 33),
(133, '2012-FR-02b', '2012', '2012/2012-FR-02b/index.html', 'Ranger ses photos', 0, '3', 33),
(134, '2012-AT-20', '2012', '2012/2012-AT-20/index.html', 'Trier des bâtons', 0, '2', 33),
(135, '2012-FR-04', '2012', '2012/2012-FR-04/index.html', 'Anonymisation', 0, '7', 33),
(136, '2012-FR-04b', '2012', '2012/2012-FR-04b/index.html', 'Chez le dentiste', 1, '3', 33),
(137, '2012-HU-06', '2012', '2012/2012-HU-06/index.html', 'Généalogie', 0, '1', 33),
(138, '2012-LV-02', '2012', '2012/2012-LV-02/index.html', 'Transport de troncs', 0, '2', 33),
(139, '2012-DE-05', '2012', '2012/2012-DE-05/index.html', 'Plantons des fleurs', 0, '1', 33),
(140, '2010-bits-egaux', '2010', '2010/2010-bits-egaux/index.html', 'Bits égaux', 0, '4', 33),
(141, '2010-chercher-remplacer', '2010', '2010/2010-chercher-remplacer/index.html', 'Chercher remplacer', 0, '1', 33),
(142, '2010-cuisson-au-four', '2010', '2010/2010-cuisson-au-four/index.html', 'Cuisson au four', 0, '2', 33),
(143, '2010-art-castor', '2010', '2010/2010-art-castor/index.html', 'Art Castor', 0, '1', 33),
(144, '2010-coder-images', '2010', '2010/2010-coder-images/index.html', 'Coder des images', 0, '3', 33),
(145, '2010-transmission-donnees', '2010', '2010/2010-transmission-donnees/index.html', 'Transmission de données', 0, '3', 33),
(146, '2010-fichiers-desordre', '2010', '2010/2010-fichiers-desordre/index.html', 'Fichiers en désordre', 0, '3', 33),
(147, '2010-scarabee-robot', '2010', '2010/2010-scarabee-robot/index.html', 'Scarabée robot', 0, '2', 33),
(148, '2010-castor-sportif', '2010', '2010/2010-castor-sportif/index.html', 'Castor sportif', 0, '4', 33),
(149, '2010-decoupeuse', '2010', '2010/2010-decoupeuse/index.html', 'Découpeuse', 0, '1', 33),
(150, '2010-apprendre-anglais', '2010', '2010/2010-apprendre-anglais/index.html', 'Apprendre l''anglais', 0, '2', 33),
(151, '2010-excursion-photos', '2010', '2010/2010-excursion-photos/index.html', 'Excursion photos', 0, '3', 33),
(152, '2010-strategie-gagnante', '2010', '2010/2010-strategie-gagnante/index.html', 'Stratégie gagnante', 0, '3', 33),
(153, '2010-photo-classe', '2010', '2010/2010-photo-classe/index.html', 'Photo de classe', 0, '4', 33),
(154, '2010-tour-canoe', '2010', '2010/2010-tour-canoe/index.html', 'Tour de canoë', 0, '2', 33),
(155, '2010-chemin-plus-court', '2010', '2010/2010-chemin-plus-court/index.html', 'Chemin le plus court', 0, '3', 33),
(156, '2010-a-gauche', '2010', '2010/2010-a-gauche/index.html', 'À gauche !', 0, '2', 33),
(157, '2010-travaux-peinture', '2010', '2010/2010-travaux-peinture/index.html', 'Travaux de peinture', 0, '4', 33),
(158, '2010-couverture-maximale', '2010', '2010/2010-couverture-maximale/index.html', 'Couverture maximale', 0, '3', 33),
(159, '2010-voisinage', '2010', '2010/2010-voisinage/index.html', 'Voisinage', 0, '2', 33),
(160, '2010-ox', '2010', '2010/2010-ox/index.html', 'OX', 0, '4', 33),
(161, '2010-heure-pandore', '2010', '2010/2010-heure-pandore/index.html', 'Heure de Pandore', 0, '2', 33),
(162, '2010-paves', '2010', '2010/2010-paves/index.html', 'Pavés', 0, '1', 33),
(163, '2010-soyons-logiques', '2010', '2010/2010-soyons-logiques/index.html', 'Soyons logiques', 0, '1', 33),
(164, '2010-trouve-la-figure', '2010', '2010/2010-trouve-la-figure/index.html', 'Trouve la figure', 1, '4', 33),
(165, '2010-circuit-course', '2010', '2010/2010-circuit-course/index.html', 'Circuit de course', 0, '2', 33),
(166, '2010-rouge-vert-bleu', '2010', '2010/2010-rouge-vert-bleu/index.html', 'Rouge, bleu, vert', 0, '3', 33),
(167, '2010-jeu-tri', '2010', '2010/2010-jeu-tri/index.html', 'Jeu de tri', 0, '2', 33),
(168, '2010-miroir-photo', '2010', '2010/2010-miroir-photo/index.html', 'Miroir ou photo', 0, '3', 33),
(169, '2010-tampons', '2010', '2010/2010-tampons/index.html', 'Tampons', 0, '1', 33),
(170, '2010-t9', '2010', '2010/2010-t9/index.html', 'T9', 0, '4', 33),
(171, '2010-pomme-pin', '2010', '2010/2010-pomme-pin/index.html', 'Pomme de pin', 1, '28', 33),
(172, '2010-pile-assiettes', '2010', '2010/2010-pile-assiettes/index.html', 'Pile d''assiettes', 0, '2', 33),
(173, '2010-quatre-grenouilles', '2010', '2010/2010-quatre-grenouilles/index.html', 'Quatre grenouilles', 0, '3', 33),
(174, '2010-tronc-fleur', '2010', '2010/2010-tronc-fleur/index.html', 'Du tronc à la fleur', 0, '3', 33),
(175, '2010-approvisionnement-eau', '2010', '2010/2010-approvisionnement-eau/index.html', 'Approvisionnement d''eau', 0, '1', 33),
(176, '2010-logique-approvisionnement', '2010', '2010/2010-logique-approvisionnement/index.html', 'Logique d''approvisionnement', 0, '1', 33),
(177, '2010-trier-chiffres', '2010', '2010/2010-trier-chiffres/index.html', 'Trier des chiffres', 0, '1', 33),
(178, '2013-AT-02ab', '2013', '2013/2013-AT-02ab/index.html', 'Mots de passe', 2, '', 33),
(179, '2013-SK-01', '2013', '2013/2013-SK-01/index.html', 'Promenade en forêt', 0, '', 33),
(180, '2013-SK-05', '2013', '2013/2013-SK-05/index.html', 'Collier de perles', 0, '', 33),
(181, '2013-FR-06b', '2013', '2013/2013-FR-06b/index.html', 'Pétales de fleur', 0, '', 33),
(182, '2013-FR-09', '2013', '2013/2013-FR-09/index.html', 'Sauver le prince', 0, '', 33),
(183, '2013-JP-02', '2013', '2013/2013-JP-02/index.html', 'Tunnels magiques', 0, '', 33),
(184, '2013-FR-15', '2013', '2013/2013-FR-15/index.html', 'Arroser la plante', 0, '', 33),
(185, '2013-SI-01', '2013', '2013/2013-SI-01/index.html', 'Élève absent', 0, '', 33),
(186, '2013-FR-08', '2013', '2013/2013-FR-08/index.html', 'Parasols', 0, '', 33),
(187, '2013-SE-02', '2013', '2013/2013-SE-02/index.html', 'Réseau pas cher', 0, '', 33),
(188, '2013-FR-01', '2013', '2013/2013-FR-01/index.html', 'Vitrail coloré', 0, '', 33),
(189, '2013-SI-04', '2013', '2013/2013-SI-04/index.html', 'Taille du collier', 0, '', 33),
(190, '2013-FR-02', '2013', '2013/2013-FR-02/index.html', 'Castor des anneaux', 0, '', 33),
(191, '2013-FR-13', '2013', '2013/2013-FR-13/index.html', 'Trier par poids', 0, '', 33),
(192, '2013-FR-05a', '2013', '2013/2013-FR-05a/index.html', 'Robot peintre', 0, '', 33),
(193, '2013-FR-05b', '2013', '2013/2013-FR-05b/index.html', 'Robot peintre', 0, '', 33),
(194, '2013-CZ-05', '2013', '2013/2013-CZ-05/index.html', 'Pièce de puzzle', 0, '', 33),
(195, '2013-FR-10a', '2013', '2013/2013-FR-10a/index.html', 'Chercher / remplacer', 0, '', 33),
(196, '2013-FR-10b', '2013', '2013/2013-FR-10b/index.html', 'Chercher / remplacer', 0, '', 33),
(197, '2013-FR-11', '2013', '2013/2013-FR-11/index.html', 'Transport d''électricité', 0, '', 33),
(198, '2013-FR-12a', '2013', '2013/2013-FR-12a/index.html', 'Choix des invités', 0, '', 33),
(199, '2013-RU-05a', '2013', '2013/2013-RU-05a/index.html', 'Parcours de billes A', 0, '', 33),
(200, '2013-FR-12b', '2013', '2013/2013-FR-12b/index.html', 'Choix des invités', 0, '', 33),
(201, '2013-SK-09ab', '2013', '2013/2013-SK-09ab/index.html', 'Dessiner un dé', 0, '', 33),
(202, '2013-FR-04', '2013', '2013/2013-FR-04/index.html', 'Boîtes de chocolats', 0, '', 33),
(203, '2013-RU-05b', '2013', '2013/2013-RU-05b/index.html', 'Parcours de billes B', 0, '', 33),
(204, '2013-NL-02', '2013', '2013/2013-NL-02/index.html', 'Inspection de la rivière', 0, '', 33),
(205, '2013-FR-14', '2013', '2013/2013-FR-14/index.html', 'Jeu de parité', 0, '', 33),
(206, '2013-DE-02', '2013', '2013/2013-DE-02/index.html', 'Images aléatoires', 0, '', 33),
(207, '2013-FR-16', '2013', '2013/2013-FR-16/index.html', 'Sac à dos', 0, '', 33),
(208, '2013-FR-06a', '2013', '2013/2013-FR-06a/index.html', 'Pétales de fleur', 0, '', 33),
(209, '2014-AU-02-pancake-flipping', '2014', '2014/2014-AU-02-pancake-flipping/index.html', 'Retourner les crêpes', 2, '0', 33),
(211, '2014-CA-02-shout-your-name', '2014', '2014/2014-CA-02-shout-your-name/index.html', 'Discours familiaux', 2, '', 33),
(212, '2014-CH-05-abacus', '2014', '2014/2014-CH-05-abacus/index.html', 'Boulier', 2, '', 33),
(213, '2014-CH-07-rectangles', '2014', '2014/2014-CH-07-rectangles/index.html', 'Dessin interactif', 2, '', 33),
(214, '2014-FR-03-monster', '2014', '2014/2014-FR-03-monster/index.html', 'Attraper le monstre', 2, '', 33),
(215, '2014-FR-04-gattaca', '2014', '2014/2014-FR-04-gattaca/index.html', 'Le défi', 2, '', 33),
(216, '2014-FR-05-laser', '2014', '2014/2014-FR-05-laser/index.html', 'Laser', 2, '', 33),
(217, '2014-FR-06-bridge', '2014', '2014/2014-FR-06-bridge/index.html', 'Traverser le pont', 2, '', 33),
(218, '2014-FR-08-maze', '2014', '2014/2014-FR-08-maze/index.html', 'Deux billes', 2, '', 33),
(219, '2014-FR-19-summed-row', '2014', '2014/2014-FR-19-summed-row/index.html', 'Position secrète', 2, '', 33),
(220, '2014-FR-20-shell', '2014', '2014/2014-FR-20-shell/index.html', 'Terminal', 2, '', 33),
(221, '2014-NL-01-secret-number', '2014', '2014/2014-NL-01-secret-number/index.html', 'Retenir un code', 2, '', 33),
(222, '2014-RU-04-carrot-storehouses', '2014', '2014/2014-RU-04-carrot-storehouses/index.html', 'Pièces d''or', 2, '', 33),
(223, '2014-SE-04-height-game', '2014', '2014/2014-SE-04-height-game/index.html', 'Parapente', 2, '', 33),
(224, '2014-SI-02-alien-language', '2014', '2014/2014-SI-02-alien-language/index.html', 'Langage alien', 2, '', 33),
(225, '2014-SI-04-unknown-friendship', '2014', '2014/2014-SI-04-unknown-friendship/index.html', 'Les amis', 2, '', 33),
(226, '2014-SK-01-sticker', '2014', '2014/2014-SK-01-sticker/index.html', 'Autocollants', 2, '', 33),
(227, '2014-SP-02-traffic', '2014', '2014/2014-SP-02-traffic/index.html', 'Grande réunion', 2, '', 33),
(229, '2014-TW-05-summed-area', '2014', '2014/2014-TW-05-summed-area/index.html', 'Carte secrète', 2, '', 33),
(233, '2014-AU-02-pancake-ext', '2014', '2014/2014-AU-02-pancake-ext/index.html', 'Davantage de crêpes', 2, '', 33),
(234, '2015-FR-21-taquin', 'algorea_2015', 'algorea_2015/2015-FR-21-taquin/index.html', 'Jeu de taquin', 2, '', 33),
(235, '2015-FR-22-track', 'algorea_2015', 'algorea_2015/2015-FR-22-track/index.html', 'Suivre la piste', 2, '', 33),
(236, '2015-FR-23-conditions', 'algorea_2015', 'algorea_2015/2015-FR-23-conditions/index.html', 'Conditions', 2, '', 33),
(237, '2015-FR-24-variables-game', 'algorea_2015', 'algorea_2015/2015-FR-24-variables-game/index.html', 'Jeu des variables', 2, '', 33),
(238, '2015-FR-25-rectangles', 'algorea_2015', 'algorea_2015/2015-FR-25-rectangles/index.html', 'Rectangles', 2, '', 33),
(239, '2015-FR-27-boxes', 'algorea_2015', 'algorea_2015/2015-FR-27-boxes/index.html', 'Organiser les boîtes', 2, '', 33),
(240, '2015-FR-29-cfc', 'algorea_2015', 'algorea_2015/2015-FR-29-cfc/index.html', 'Planètes', 2, '', 33),
(241, '2015-FR-26-binary-number', 'algorea_2015', 'algorea_2015/2015-FR-26-binary-number/index.html', 'Compteur binaire', 2, '', 33),
(242, '2015-FR-28-snowflake', 'algorea_2015', 'algorea_2015/2015-FR-28-snowflake/index.html', 'Flocon de neige', 2, '', 33),
(243, '2015-FR-30-explanations', 'algorea_2015', 'algorea_2015/2015-FR-30-explanations/index.html', 'Explications', 2, '', 33),
(244, '2015-CH-02-binary-tree-hotel', '2015', '2015/2015-CH-02-binary-tree-hotel/index.html', 'Tunnels du terrier', 2, '', 33),
(245, '2015-JP-04-crane-operating', '2015', '2015/2015-JP-04-crane-operating/index.html', 'Piloter la grue', 2, '', 33),
(246, '2015-CZ-02-relationships', '2015', '2015/2015-CZ-02-relationships/index.html', 'Relations d''âge', 2, '', 33),
(247, '2015-CA-02-fireworks', '2015', '2015/2015-CA-02-fireworks/index.html', 'Signaux colorés', 2, '', 33),
(248, '2015-DE-05-mobiles', '2015', '2015/2015-DE-05-mobiles/index.html', 'Mobiles à boules', 2, '', 33),
(249, '2015-FR-03-mark-and-shuffle', '2015', '2015/2015-FR-03-mark-and-shuffle/index.html', 'Marquage d''oiseaux', 2, ' ', 33),
(250, '2015-SI-05-horse-races', '2015', '2015/2015-SI-05-horse-races/index.html', 'Course de chevaux', 2, '', 33),
(251, '2015-FR-01-copy-pattern', '2015', '2015/2015-FR-01-copy-pattern/index.html', 'Reproduire un dessin', 2, '', 33),
(252, '2015-FR-13-open-lock', '2015', '2015/2015-FR-13-open-lock/index.html', 'Code du cadenas', 2, '', 33),
(253, '2015-FR-07-placing-arrows', '2015', '2015/2015-FR-07-placing-arrows/index.html', 'Robot qui tourne', 2, '', 33),
(254, '2015-FR-15-guess-who', '2015', '2015/2015-FR-15-guess-who/index.html', 'Qui est-ce ?', 2, '', 33),
(255, '2015-FR-02-spreading-secret', '2015', '2015/2015-FR-02-spreading-secret/index.html', 'Antennes', 2, '', 33),
(256, '2015-FR-04-next-distance', '2015', '2015/2015-FR-04-next-distance/index.html', 'Éloignement', 2, '', 33),
(257, '2015-FR-06-modulo-ellipses', '2015', '2015/2015-FR-06-modulo-ellipses/index.html', 'Dessin d''ovales', 2, '', 33),
(258, '2015-FR-05-visit-everyone', '2015', '2015/2015-FR-05-visit-everyone/index.html', 'Visite des châteaux', 2, '', 33),
(259, '2015-AT-07-telephone-book', '2015', '2015/2015-AT-07-telephone-book/index.html', 'Sélection de mots', 2, '', 33),
(260, '2015-FR-AL-04-spots', 'alkindi-2015', 'alkindi-2015/2015-FR-AL-04-spots/index.html', 'Chasse aux indices', 0, '', 33),
(261, '2015-FR-AL-05-black-boxes', 'alkindi-2015', 'alkindi-2015/2015-FR-AL-05-black-boxes/index.html', 'Machines à chiffrer', 0, '', 33),
(262, '2015-FR-AL-08-frequency', 'alkindi-2015', 'alkindi-2015/2015-FR-AL-08-frequency/index.html', 'Analyse de fréquence', 0, '', 33),
(263, '2015-FR-AL-06-sort-cyphers', 'alkindi-2015', 'alkindi-2015/2015-FR-AL-06-sort-cyphers/index.html', 'Trier les chiffrages', 0, '', 33),
(264, '2015-FR-AL-02-sharing-secret', 'alkindi-2015', 'alkindi-2015/2015-FR-AL-02-sharing-secret/index.html', 'Mot de passe', 0, '', 33),
(265, '2015-FR-AL-11-decryption', 'alkindi-2015', 'alkindi-2015/2015-FR-AL-11-decryption/index.html', 'Déchiffrement', 0, '', 33),
(266, '2015-FR-AL-10-permutation', 'alkindi-2015', 'alkindi-2015/2015-FR-AL-10-permutation/index.html', 'Permutation', 0, '', 33),
(267, '2015-FR-AL-12-hash-code', 'alkindi-2015', 'alkindi-2015/2015-FR-AL-12-hash-code/index.html', 'Code de hachage', 0, '', 33),
(268, '2015-FR-AL-03-new-alphabet', 'alkindi-2015', 'alkindi-2015/2015-FR-AL-03-new-alphabet/index.html', 'Nouvel alphabet', 0, '', 33),
(269, '2015-FR-AL-07-website-security', 'alkindi-2015', 'alkindi-2015/2015-FR-AL-07-website-security/index.html', 'Sites web', 0, '', 33),
(270, '2016-FR-20-mobiles', 'algorea_2016', 'algorea_2016/2016-FR-20-mobiles/index.html', 'Mobiles', 0, '', 33),
(271, '2016-FR-21-snowflake', 'algorea_2016', 'algorea_2016/2016-FR-21-snowflake/index.html', 'Flocon', 0, '', 33),
(272, '2016-FR-16-telephone-book', 'algorea_2016', 'algorea_2016/2016-FR-16-telephone-book/index.html', 'Motif', 0, '', 33),
(273, '2016-FR-18-lemmings', 'algorea_2016', 'algorea_2016/2016-FR-18-lemmings/index.html', 'Lemmings', 0, '', 33),
(274, '2016-FR-19-minmax-variables', 'algorea_2016', 'algorea_2016/2016-FR-19-minmax-variables/index.html', 'Variables', 0, '', 33),
(275, '2016-FR-22-nested-pattern', 'algorea_2016', 'algorea_2016/2016-FR-22-nested-pattern/index.html', 'Dessin', 0, '', 33);

INSERT INTO `synchro_version` (`iVersion`) VALUES
(316);


INSERT INTO `contest_question` (`ID`, `contestID`, `questionID`, `minScore`, `noAnswerScore`, `maxScore`, `options`, `order`, `iVersion`) VALUES
(238963032141893485, 56, 245, 0, 0, 40, '{}', 0, 179113),
(349854984303036387, 56, 246, 0, 0, 40, '{}', 0, 179113),
(354578674539627470, 56, 247, 0, 0, 40, '{}', 1, 179113),
(427936432785500825, 56, 249, 0, 0, 40, '{}', 1, 179113),
(463329819560376265, 56, 250, 0, 0, 40, '{}', 5, 179113),
(497169913936939395, 56, 251, 0, 0, 40, '{}', 4, 179113),
(576754755627859240, 56, 252, 0, 0, 40, '{}', 2, 179113),
(706406912851540259, 56, 253, 0, 0, 40, '{}', 3, 179113),
(763982851525543100, 56, 254, 0, 0, 40, '{}', 6, 179113),
(782102108609441581, 56, 255, 0, 0, 40, '{}', 0, 179113),
(838844902889092117, 56, 256, 0, 0, 40, '{}', 1, 179113),
(958506436293696789, 56, 259, 0, 0, 40, '{}', 1, 179113);

ALTER TABLE `group` CHANGE `minCategory` `minCategory` VARCHAR(30) CHARACTER SET utf8 COLLATE utf8_general_ci NOT NULL DEFAULT '';
ALTER TABLE `group` CHANGE `maxCategory` `maxCategory` VARCHAR(30) CHARACTER SET utf8 COLLATE utf8_general_ci NOT NULL DEFAULT '';
ALTER TABLE `group` CHANGE `language` `language` VARCHAR(30) CHARACTER SET utf8 COLLATE utf8_general_ci NOT NULL DEFAULT 'fr';

INSERT INTO `group` (`ID`, `schoolID`, `grade`, `gradeDetail`, `userID`, `name`, `nbStudents`, `nbTeamsEffective`, `nbStudentsEffective`, `contestID`, `minCategory`, `maxCategory`, `language`, `parentGroupID`, `code`, `password`, `expectedStartTime`, `startTime`, `noticePrinted`, `isPublic`, `isGenerated`, `bRecovered`, `participationType`, `iVersion`) VALUES
(796142003655934888, 1358, 12, '', 1201, 'Castor 2015 : tous les niveaux', 100000, 8522, 8523, 56, '', '', '', NULL, 'yft7zkqt', 'zfvaxswk', '2015-12-10 22:00:00', '2018-09-27 13:52:33', 0, 1, 0, 0, 'Unofficial', 261357)


INSERT INTO `algorea_registration` (`ID`, `firstName`, `lastName`, `genre`, `email`, `zipCode`, `grade`, `studentID`, `category`, `validatedCategory`, `schoolID`, `userID`, `code`, `contestantID`, `franceioiID`) VALUES
(1, 'Mat', 'Mat', 2, '', '', 0, '', '', '', 1, 1, 'c42', NULL, NULL);

UPDATE `group` SET isPublic = 0, startTime = '2020-01-01 00:00' WHERE ID = 796142003655934888

COMMIT;
